name,Team_y,Position_y,HANDED,GP,G,A,P,P/GP,+/-,Sh,Sh_perc,TOI_x,TOI_dec,CLAUSE,EXPIRY,CAPHIT,CAP HIT %,cap_hit_perc,SALARY,CF_perc,FF_perc,xGF_perc,PIM,Giveaways,Takeaways,Hits,Hits Taken,blocked_shots
Zemgus Girgensons,BUF,C,Left,68,12,7,19,0.28,-1,85,0.14,13:47,13.78333333,,UFA,"$1,600,000",2.00%,0.02,"$1,600,000",41.77,41.89,40.84,10,11,13,110,71,20
Zack Smith,CHI,C,Left,50,4,7,11,0.22,2,43,0.09,11:47,11.78333333,M-NTC,UFA,"$3,250,000",4.50%,0.045,"$3,250,000",42.62,41.46,39.88,29,14,21,112,71,18
Zack Kassian,EDM,W,Right,59,15,19,34,0.58,0,99,0.15,15:39,15.65,,UFA,"$1,950,000",2.60%,0.026,"$2,000,000",49.1,49.47,47.26,69,45,26,157,54,8
Zach Parise,MIN,W,Left,69,25,21,46,0.67,-11,155,0.16,17:11,17.18333333,NMC,UFA,"$7,538,461",12.60%,0.126,"$9,000,000",52.74,52.41,57.12,8,22,21,27,60,38
Zach Hyman,TOR,W,Right,51,21,16,37,0.73,13,106,0.2,19:05,19.08333333,M-NTC,UFA,"$2,250,000",3.00%,0.03,"$2,500,000",50.48,50.23,53.2,23,16,32,52,101,23
Zach Bogosian,"BUF, T.B",D,Right,27,1,6,7,0.26,0,29,0.03,16:37,16.61666667,,UFA,"$5,142,857",1.60%,0.016,"$6,000,000",43.86,43.21,40.15,22,11,4,30,21,27
Zach Bogosian,"BUF, T.B",D,Right,27,1,6,7,0.26,0,29,0.03,16:37,16.61666667,,UFA,"$1,300,000",1.60%,0.016,"$1,300,000",43.86,43.21,40.15,22,11,4,30,21,27
Zach Aston-Reese,PIT,C,Left,57,6,7,13,0.23,6,98,0.06,14:25,14.41666667,,RFA,"$1,000,000",1.20%,0.012,"$1,000,000",47.63,47.36,48.82,28,21,20,136,99,30
Yanni Gourde,T.B,C,Left,70,10,20,30,0.43,-5,110,0.09,14:03,14.05,NTC,UFA,"$5,166,666",6.50%,0.065,"$6,300,000",51.83,51.49,51.9,49,14,48,78,114,20
William Nylander,TOR,W,Right,68,31,28,59,0.87,-2,197,0.16,18:12,18.2,,UFA,"$6,962,366",8.80%,0.088,"$9,000,000",59.67,58.4,58.37,12,41,42,9,66,14
William Karlsson,VGK,C,Left,63,15,31,46,0.73,11,138,0.11,18:51,18.85,,UFA,"$5,900,000",7.20%,0.072,"$5,900,000",55.02,55.56,53.24,16,37,54,40,94,38
William Carrier,VGK,W,Left,70,7,12,19,0.27,0,99,0.07,9:52,9.866666667,,RFA,"$725,000",0.90%,0.009,"$725,000",53.63,54.34,55.36,39,8,22,213,129,11
Will Butcher,N.J,D,Left,55,4,17,21,0.38,-8,62,0.06,17:55,17.91666667,,UFA,"$3,733,333",4.60%,0.046,"$3,500,000",48.73,49.86,50.07,6,27,10,31,54,75
Wayne Simmonds,"BUF, N.J",W,Right,68,8,17,25,0.37,-21,119,0.07,14:55,14.91666667,M-NTC,UFA,"$5,000,000",6.10%,0.061,"$5,000,000",53.22,53.71,56.37,66,18,27,145,63,29
Vladislav Namestnikov,"COL, NYR, OTT",W,Left,65,17,14,31,0.48,-5,98,0.17,15:03,15.05,,UFA,"$4,000,000",5.00%,0.05,"$4,000,000",45.3,45.6,50.39,45,28,25,108,74,47
Vladislav Kamenev,COL,C,Left,38,1,7,8,0.21,-2,32,0.03,8:58,8.966666667,,RFA,"$750,000",0.90%,0.009,"$750,000",52.77,53.13,52.78,8,7,18,34,21,16
Vladimir Tarasenko,STL,W,Left,10,3,7,10,1,-2,26,0.12,16:10,16.16666667,NTC,UFA,"$7,500,000",10.50%,0.105,"$9,500,000",55.56,56.52,46.21,0,5,3,17,4,7
Vladimir Sobotka,BUF,C,Left,16,1,2,3,0.19,2,23,0.04,14:15,14.25,,UFA,"$3,500,000",4.80%,0.048,"$3,000,000",38.38,37.95,31.23,4,3,3,26,18,7
Vinnie Hinostroza,ARI,W,Right,69,5,17,22,0.32,1,132,0.04,13:06,13.1,,UFANo QO,"$1,500,000",2.00%,0.02,"$1,500,000",47.96,47.47,46.42,14,20,30,51,94,26
Vincent Trocheck,"CAR, FLA",C,Right,62,11,27,38,0.61,-8,141,0.08,16:43,16.71666667,,UFA,"$4,750,000",6.50%,0.065,"$5,250,000",55.78,55.48,53.81,49,64,51,101,96,37
Viktor Arvidsson,NSH,W,Right,57,15,13,28,0.49,-4,127,0.12,16:12,16.2,,UFA,"$4,250,000",5.70%,0.057,"$4,250,000",56.04,55.43,53.86,26,24,15,27,88,24
Victor Rask,MIN,C,Left,43,5,8,13,0.3,7,38,0.13,10:28,10.46666667,,UFA,"$4,000,000",5.50%,0.055,"$4,000,000",53.72,53.53,54.66,6,5,13,26,22,8
Victor Hedman,T.B,D,Left,66,11,44,55,0.83,27,155,0.07,24:03:00,24.05,NMC,UFA,"$7,875,000",10.80%,0.108,"$8,000,000",53.36,53.8,55.24,31,40,47,73,73,98
Valeri Nichushkin,COL,W,Left,64,13,14,27,0.42,26,113,0.12,14:04,14.06666667,,RFA,"$2,950,000",1.00%,0.01,"$3,200,000",57.28,56.86,61.11,14,18,38,84,55,22
Valeri Nichushkin,COL,W,Left,64,13,14,27,0.42,26,113,0.12,14:04,14.06666667,,RFA,"$850,000",1.00%,0.01,"$850,000",57.28,56.86,61.11,14,18,38,84,55,22
Tyson Barrie,TOR,D,Right,70,5,34,39,0.56,-7,169,0.03,21:52,21.86666667,,UFA,"$5,500,000",7.50%,0.075,"$6,000,000",57.14,55.6,54.25,16,62,16,47,118,76
Tyler Toffoli,"L.A, VAN",W,Right,68,24,20,44,0.65,-1,203,0.12,16:50,16.83333333,,UFA,"$4,600,000",6.30%,0.063,"$4,800,000",59.22,58.76,55.32,20,34,35,48,65,16
Tyler Seguin,DAL,C,Right,69,17,33,50,0.72,-2,245,0.07,19:08,19.13333333,NMC,UFA,"$9,850,000",12.40%,0.124,"$13,500,000",53.58,53.34,56.71,22,52,34,90,31,31
Tyler Pitlick,PHI,C,Right,63,8,12,20,0.32,11,76,0.11,12:02,12.03333333,,UFA,"$1,000,000",1.30%,0.013,"$1,000,000",43.81,44.78,44.79,12,15,28,132,110,42
Tyler Myers,VAN,D,Right,68,6,15,21,0.31,-7,134,0.04,21:30,21.5,NMC,UFA,"$6,000,000",7.40%,0.074,"$7,000,000",48.66,49.16,47.07,49,41,42,99,79,108
Tyler Motte,VAN,C,Left,33,4,4,8,0.24,-10,38,0.11,13:07,13.11666667,,RFA,"$975,000",1.20%,0.012,"$975,000",35.93,37.89,33.25,10,9,16,118,37,37
Tyler Johnson,T.B,C,Right,65,14,17,31,0.48,9,113,0.12,14:32,14.53333333,NTC,UFA,"$5,000,000",6.70%,0.067,"$5,500,000",54.72,55.09,55.85,16,20,14,62,43,22
Tyler Ennis,"EDM, OTT",W,Left,70,16,21,37,0.53,-6,159,0.1,14:42,14.7,,UFA,"$800,000",1.00%,0.01,"$800,000",55.04,54.12,58.12,20,19,26,96,110,26
Tyler Bozak,STL,C,Right,67,13,16,29,0.43,0,109,0.12,15:19,15.31666667,M-NTC,UFA,"$5,000,000",6.30%,0.063,"$5,250,000",51.15,50.41,51.77,10,20,29,32,43,33
Tyler Bertuzzi,DET,W,Left,71,21,27,48,0.68,-23,129,0.16,19:18,19.3,,RFA,"$1,400,000",1.80%,0.018,"$1,400,000",54.79,53.97,50.62,40,57,25,71,80,30
Tucker Poolman,WPG,D,Right,57,4,12,16,0.28,-1,64,0.06,17:26,17.43333333,,UFA,"$775,000",1.00%,0.01,"$825,000",45.53,43.99,40.25,24,46,14,58,79,59
Troy Stecher,VAN,D,Right,68,5,12,17,0.25,10,86,0.06,15:20,15.33333333,,UFANo QO,"$2,325,000",2.90%,0.029,"$2,325,000",47.32,47.97,43.94,32,25,16,69,118,70
Troy Brouwer,STL,W,Right,13,1,0,1,0.08,1,12,0.08,9:28,9.466666667,M-NTC,UFA,"$4,500,000",0.90%,0.009,"$4,500,000",42.41,42.26,40.4,7,2,1,24,8,6
Troy Brouwer,STL,W,Right,13,1,0,1,0.08,1,12,0.08,9:28,9.466666667,,UFA,"$750,000",0.90%,0.009,"$750,000",42.41,42.26,40.4,7,2,1,24,8,6
Trevor van Riemsdyk,CAR,D,Right,50,1,7,8,0.16,-7,58,0.02,14:51,14.85,,UFA,"$2,300,000",2.90%,0.029,"$2,500,000",50.83,49.54,49.23,10,17,13,21,33,37
Trevor Moore,"L.A, TOR",C,Left,42,6,4,10,0.24,-4,60,0.1,12:54,12.9,,RFA,"$775,000",1.00%,0.01,"$750,000",46.15,45.38,44.99,6,20,21,60,56,17
Trevor Lewis,L.A,C,Right,57,6,6,12,0.21,-7,92,0.07,11:54,11.9,,UFA,"$2,000,000",2.70%,0.027,"$2,000,000",50.08,50.68,50.36,16,14,11,68,72,22
Trevor Daley,DET,D,Left,44,0,7,7,0.16,-22,37,0,15:39,15.65,M-NTC,UFA,"$3,166,666",4.20%,0.042,"$2,200,000",41.57,41.79,42.02,20,21,5,9,24,44
Travis Zajac,N.J,C,Right,69,9,16,25,0.36,-12,72,0.13,17:05,17.08333333,NTC,UFA,"$5,750,000",8.90%,0.089,"$5,750,000",44.05,44.46,42.94,28,17,36,58,41,39
Travis Sanheim,PHI,D,Left,69,8,17,25,0.36,4,110,0.07,20:09,20.15,,RFA,"$3,250,000",4.00%,0.04,"$3,250,000",50.88,50.31,49.68,32,53,22,41,97,79
Travis Konecny,PHI,W,Right,66,24,37,61,0.92,-1,141,0.17,16:48,16.8,,UFA,"$5,500,000",6.70%,0.067,"$4,000,000",60.71,59.69,60.86,28,47,29,63,100,30
Travis Hamonic,CGY,D,Right,50,3,9,12,0.24,-3,83,0.04,21:11,21.18333333,,UFA,"$3,857,143",6.00%,0.06,"$4,875,000",43.41,42.93,43.39,27,36,21,39,79,110
Travis Boyd,WSH,C,Right,24,3,7,10,0.42,9,26,0.12,11:45,11.75,,UFANo QO,"$800,000",1.00%,0.01,"$800,000",55.31,54.31,51.41,2,6,7,14,26,9
Torey Krug,BOS,D,Left,61,9,40,49,0.8,-4,144,0.06,20:29,20.48333333,M-NTC,UFA,"$5,250,000",7.20%,0.072,"$5,000,000",61.92,60.61,60.5,33,48,22,36,70,48
Tomas Tatar,MTL,W,Left,68,22,39,61,0.9,5,162,0.14,16:17,16.28333333,,UFA,"$5,300,000",7.10%,0.071,"$5,500,000",63.4,62.59,61.06,36,29,31,79,62,24
Tomas Nosek,VGK,W,Left,68,8,7,15,0.22,-2,93,0.09,11:36,11.6,,UFA,"$1,000,000",1.20%,0.012,"$1,000,000",46.54,47.24,45.82,20,16,22,91,108,38
Tomas Jurco,EDM,W,Left,12,0,2,2,0.17,1,7,0,9:58,9.966666667,,UFA,"$750,000",0.90%,0.009,"$750,000",51.46,53.06,52.5,4,2,6,4,20,3
Tomas Hertl,S.J,C,Left,48,16,20,36,0.75,-18,117,0.14,18:26,18.43333333,,UFA,"$5,625,000",7.10%,0.071,"$6,250,000",56.25,54.93,57.84,16,18,25,29,46,25
Tom Wilson,WSH,W,Right,68,21,23,44,0.65,-3,154,0.14,18:16,18.26666667,,UFA,"$5,166,666",6.50%,0.065,"$4,500,000",50.52,50.3,49.26,93,40,25,253,90,58
Tom Kuhnhackl,NYI,W,Left,29,3,3,6,0.21,-4,28,0.11,11:17,11.28333333,,UFA,"$850,000",1.00%,0.01,"$850,000",37.46,39.29,33.06,2,11,4,31,21,22
TJ Brodie,CGY,D,Left,63,4,15,19,0.3,7,65,0.06,20:27,20.45,M-NTC,UFA,"$4,650,400",6.70%,0.067,"$4,838,000",50.12,49.02,50.03,36,52,34,20,88,87
Timo Meier,S.J,W,Left,70,22,27,49,0.7,-22,199,0.11,17:16,17.26666667,,RFA,"$6,000,000",7.40%,0.074,"$4,000,000",56.17,55.75,56.22,42,31,39,155,106,38
Tim Schaller,"L.A, VAN",C,Left,55,5,1,6,0.11,-14,49,0.1,11:34,11.56666667,,UFA,"$1,900,000",2.40%,0.024,"$1,900,000",32.74,34.63,30.24,14,9,14,51,39,28
Tim Heed,S.J,D,Right,38,1,4,5,0.13,-10,44,0.02,13:00,13,,UFA,"$960,000",1.20%,0.012,"$960,000",55.31,54.84,54.39,2,17,10,16,31,30
Teuvo Teravainen,CAR,W,Left,68,15,48,63,0.93,20,182,0.08,19:11,19.18333333,,UFA,"$5,400,000",6.80%,0.068,"$6,250,000",61.51,60.32,61.36,8,44,44,18,39,30
Teddy Blueger,PIT,C,Left,69,9,13,22,0.32,2,102,0.09,15:48,15.8,,RFA,"$750,000",0.90%,0.009,"$750,000",45.62,44.92,45.2,25,22,29,83,107,35
Taylor Hall,"ARI, N.J",W,Left,65,16,36,52,0.8,-14,232,0.07,19:10,19.16666667,,UFA,"$6,000,000",10.00%,0.1,"$6,000,000",55.02,54.67,57.85,34,52,41,47,110,29
Taylor Fedun,DAL,D,Right,27,2,7,9,0.33,3,40,0.05,13:45,13.75,,UFA,"$737,500",0.90%,0.009,"$700,000",50.8,50.56,55.27,8,12,2,16,24,19
Tanner Pearson,VAN,W,Left,69,21,24,45,0.65,-4,164,0.13,16:30,16.5,,UFA,"$3,750,000",5.10%,0.051,"$3,850,000",49.36,49.35,51.2,27,33,37,96,82,40
T.J. Oshie,WSH,W,Right,69,26,23,49,0.71,4,133,0.2,18:17,18.28333333,M-NTC,UFA,"$5,750,000",7.70%,0.077,"$6,500,000",58.07,58.84,61.4,26,45,42,90,80,58
Sven Baertschi,VAN,W,Left,6,0,2,2,0.33,-2,7,0,11:49,11.81666667,,UFA,"$3,366,666",4.20%,0.042,"$3,700,000",68.35,65.66,68.15,4,1,1,5,3,0
Steven Stamkos,T.B,C,Right,57,29,37,66,1.16,14,176,0.16,18:25,18.41666667,NMC,UFA,"$8,500,000",11.60%,0.116,"$9,500,000",56.64,55.7,58.06,22,33,24,69,54,38
Steven Kampfer,BOS,D,Right,10,0,2,2,0.2,2,13,0,13:38,13.63333333,,UFA,"$800,000",1.00%,0.01,"$800,000",53.07,55.15,57.42,2,1,4,15,16,8
Steven Fogarty,NYR,C,Right,7,0,0,0,0,-1,2,0,5:53,5.883333333,,UFA,"$700,000",0.90%,0.009,"$700,000",44.12,41.46,37.07,0,2,2,4,3,4
Stephen Johns,DAL,D,Right,17,2,3,5,0.29,0,30,0.07,17:39,17.65,,UFA,"$2,350,000",3.00%,0.03,"$2,800,000",49.17,48.07,46.87,10,11,5,50,24,20
Stefan Matteau,CBJ,C,Left,9,2,1,3,0.33,0,18,0.11,12:21,12.35,,UFA,"$725,000",0.90%,0.009,"$700,000",45.81,48.28,44.15,5,1,2,27,11,10
Sonny Milano,"ANA, CBJ",W,Left,55,7,16,23,0.42,-7,75,0.09,13:05,13.08333333,,RFA,"$874,125",1.10%,0.011,"$874,125",51.3,52.65,53.19,26,30,22,26,85,13
Slater Koekkoek,CHI,D,Left,42,1,9,10,0.24,3,47,0.02,16:45,16.75,,UFANo QO,"$925,000",1.20%,0.012,"$925,000",49.61,49.31,50.11,42,27,9,64,71,58
Sidney Crosby,PIT,C,Left,41,16,31,47,1.15,-8,109,0.15,20:15,20.25,NMC,UFA,"$8,700,000",14.50%,0.145,"$9,000,000",59.76,59.58,59.5,15,25,26,28,35,17
Sheldon Dries,COL,C,Left,5,0,0,0,0,-2,2,0,6:51,6.85,,RFA,"$735,000",0.90%,0.009,"$735,000",38.33,35.56,29.97,0,1,0,16,4,2
Shea Weber,MTL,D,Right,65,15,21,36,0.55,8,185,0.08,24:00:00,24,,UFA,"$7,857,143",13.10%,0.131,"$6,000,000",51.43,51.19,49.67,33,79,18,112,62,114
Shea Theodore,VGK,D,Left,71,13,33,46,0.65,12,219,0.06,22:14,22.23333333,,UFA,"$5,200,000",6.50%,0.065,"$5,200,000",63.49,62.77,63.04,25,54,55,20,102,69
Shayne Gostisbehere,PHI,D,Left,41,5,7,12,0.29,-4,73,0.07,18:17,18.28333333,,UFA,"$4,500,000",6.20%,0.062,"$5,250,000",58.12,57.86,55.35,20,27,9,14,32,37
Seth Jones,CBJ,D,Right,56,6,24,30,0.54,10,126,0.05,25:16:00,25.26666667,,UFA,"$5,400,000",7.40%,0.074,"$5,400,000",49.57,50.28,50.74,20,37,29,62,92,123
Sebastian Aho,CAR,C,Left,68,38,28,66,0.97,10,206,0.18,19:25,19.41666667,,UFA,"$8,454,000",10.40%,0.104,"$12,000,000",60.55,59.05,58.62,26,58,71,55,68,20
Sean Monahan,CGY,C,Left,70,22,26,48,0.69,-16,166,0.13,18:06,18.1,,UFA,"$6,375,000",8.70%,0.087,"$6,750,000",55.86,54.57,57.11,25,36,43,65,30,22
Sean Kuraly,BOS,C,Left,70,6,17,23,0.33,-2,95,0.06,13:17,13.28333333,,UFA,"$1,275,000",1.60%,0.016,"$1,475,000",41.57,42.26,41.23,34,27,28,145,82,31
Sean Couturier,PHI,C,Left,69,22,37,59,0.86,21,185,0.12,19:49,19.81666667,,UFA,"$4,333,333",6.10%,0.061,"$4,500,000",57.93,56.93,54.86,30,36,40,60,103,26
Scott Wilson,BUF,W,Left,6,1,1,2,0.33,1,8,0.13,11:37,11.61666667,,UFA,"$1,050,000",1.30%,0.013,"$1,100,000",52.17,51.32,49.31,2,0,5,3,7,0
Scott Mayfield,NYI,D,Right,68,5,8,13,0.19,8,98,0.05,19:56,19.93333333,,UFA,"$1,450,000",1.90%,0.019,"$1,200,000",41.76,42,42.84,53,70,21,93,79,117
Scott Laughton,PHI,W,Left,49,13,14,27,0.55,13,74,0.18,14:36,14.6,,UFA,"$2,300,000",2.80%,0.028,"$2,300,000",44.67,44.89,42.53,26,21,22,109,35,26
Scott Harrington,CBJ,D,Left,38,1,7,8,0.21,-3,37,0.03,13:56,13.93333333,,UFA,"$1,633,333",2.00%,0.02,"$1,600,000",45.11,47.57,48.4,16,9,5,46,65,48
Samuel Morin,PHI,D,Left,9,0,0,0,0,-1,0,0,12:32,12.53333333,,RFA,"$700,000",0.90%,0.009,"$700,000",44.83,34.78,13.24,0,2,1,2,4,0
Sami Vatanen,N.J,D,Right,47,5,18,23,0.49,-12,95,0.05,21:45,21.75,,UFA,"$4,875,000",6.80%,0.068,"$4,500,000",51.59,51.99,53.85,22,24,14,50,51,80
Sam Reinhart,BUF,C,Right,69,22,28,50,0.72,-15,144,0.15,20:37,20.61666667,,RFA,"$3,650,000",4.60%,0.046,"$3,750,000",58.22,57.17,53.44,20,33,21,36,81,27
Sam Gagner,"DET, EDM",C,Right,42,6,7,13,0.31,-10,79,0.08,13:20,13.33333333,,UFA,"$3,150,000",4.20%,0.042,"$3,200,000",54.01,54.49,54.29,12,21,12,22,35,10
Sam Carrick,ANA,C,Right,9,1,1,2,0.22,-3,16,0.06,13:46,13.76666667,,UFA,"$700,000",0.90%,0.009,"$700,000",55.71,57.59,56.24,0,5,1,13,21,8
Sam Bennett,CGY,C,Left,52,8,4,12,0.23,-1,82,0.1,12:30,12.5,,RFA,"$2,550,000",3.10%,0.031,"$2,550,000",51.98,50.97,57.19,36,22,19,101,37,13
Ryan Suter,MIN,D,Left,69,8,40,48,0.7,-6,111,0.07,24:38:00,24.63333333,NMC,UFA,"$7,538,461",12.60%,0.126,"$9,000,000",49.95,48.63,51.62,12,27,19,48,28,93
Ryan Strome,NYR,C,Right,70,18,41,59,0.84,21,154,0.12,19:35,19.58333333,,RFA,"$3,100,000",3.90%,0.039,"$3,200,000",49.64,50.02,50.89,48,54,27,45,56,32
Ryan Reaves,VGK,W,Right,71,8,7,15,0.21,-5,61,0.13,10:08,10.13333333,,UFA,"$2,775,000",3.50%,0.035,"$2,775,000",53.45,54.03,54.89,47,7,17,316,87,24
Ryan Pulock,NYI,D,Right,69,10,25,35,0.51,8,163,0.06,22:24,22.4,,RFA,"$2,000,000",2.50%,0.025,"$2,650,000",45.71,47.33,49.44,14,64,15,110,101,139
Ryan O'Reilly,STL,C,Left,71,12,49,61,0.86,11,118,0.1,20:34,20.56666667,,UFA,"$7,500,000",10.50%,0.105,"$6,000,000",53.08,52.47,51.05,10,22,69,16,43,42
Ryan Nugent-Hopkins,EDM,C,Left,65,22,39,61,0.94,1,172,0.13,20:28,20.46666667,,UFA,"$6,000,000",9.30%,0.093,"$6,000,000",53.17,53.65,54.88,33,39,54,33,65,44
Ryan Murray,CBJ,D,Left,27,2,7,9,0.33,-9,32,0.06,19:57,19.95,,UFA,"$4,600,000",5.60%,0.056,"$4,500,000",46.26,48.74,49.28,4,15,6,12,27,50
Ryan McDonagh,T.B,D,Left,50,1,11,12,0.24,7,50,0.02,20:42,20.7,NTC,UFA,"$6,750,000",8.50%,0.085,"$8,400,000",42.31,42.52,42.44,19,32,25,36,41,101
Ryan MacInnis,CBJ,C,Left,10,0,1,1,0.1,1,13,0,9:21,9.35,,RFA,"$874,125",1.10%,0.011,"$874,125",41.51,46.67,52.41,0,2,3,8,11,3
Ryan Johansen,NSH,C,Right,68,14,22,36,0.53,-5,101,0.14,17:03,17.05,,UFA,"$8,000,000",10.70%,0.107,"$8,000,000",55.88,55.62,56.4,45,24,38,39,51,34
Ryan Hartman,MIN,W,Right,69,9,11,20,0.29,4,114,0.08,12:15,12.25,,RFA,"$1,900,000",2.30%,0.023,"$1,900,000",49.9,50.7,50.96,69,14,34,44,51,54
Ryan Graves,COL,D,Left,68,9,17,26,0.38,40,134,0.07,18:56,18.93333333,,RFA,"$735,000",0.90%,0.009,"$735,000",43.93,44.58,43.25,45,40,19,112,81,150
Ryan Getzlaf,ANA,C,Right,69,13,29,42,0.61,-16,143,0.09,18:43,18.71666667,NMC,UFA,"$8,250,000",12.80%,0.128,"$8,275,000",52.58,52.87,52.83,58,76,53,125,47,69
Ryan Ellis,NSH,D,Right,49,8,30,38,0.78,16,114,0.07,23:30,23.5,,UFA,"$6,250,000",7.90%,0.079,"$7,700,000",52.67,53.94,56.76,19,36,24,48,55,96
Ryan Dzingel,CAR,C,Left,64,8,21,29,0.45,3,98,0.08,14:09,14.15,,UFA,"$3,375,000",4.10%,0.041,"$3,250,000",56.57,56,56.94,30,19,15,36,34,25
Ryan Donato,MIN,C,Left,62,14,9,23,0.37,5,95,0.15,10:38,10.63333333,,RFA,"$1,900,000",2.30%,0.023,"$1,650,000",54.03,54.47,58.12,12,13,21,53,72,14
Ryan Carpenter,CHI,C,Right,68,3,12,15,0.22,-6,80,0.04,14:04,14.06666667,,UFA,"$1,000,000",1.20%,0.012,"$1,000,000",41.62,42.53,38.87,28,29,30,117,85,48
Ross Johnston,NYI,W,Left,31,3,1,4,0.13,1,16,0.19,7:59,7.983333333,,UFA,"$1,000,000",1.30%,0.013,"$1,000,000",40.86,41.23,46.21,78,4,2,93,22,14
Roman Polak,DAL,D,Right,40,0,4,4,0.1,-6,34,0,16:39,16.65,,UFA,"$1,750,000",2.20%,0.022,"$1,750,000",36.15,37.74,35.72,24,22,4,104,36,94
Roman Josi,NSH,D,Left,69,16,49,65,0.94,22,260,0.06,25:46:00,25.76666667,,UFA,"$4,000,000",6.20%,0.062,"$4,000,000",55.41,55.75,57.01,41,68,34,52,107,108
Rocco Grimaldi,NSH,W,Right,66,10,21,31,0.47,10,122,0.08,12:38,12.63333333,,UFA,"$1,000,000",1.20%,0.012,"$1,000,000",51.83,52.6,52.98,10,20,27,23,46,14
Robert Hagg,PHI,D,Left,48,3,10,13,0.27,14,38,0.08,15:35,15.58333333,,RFA,"$1,150,000",1.40%,0.014,"$1,300,000",43.03,44.2,42.66,30,31,6,136,81,79
Robert Bortuzzo,STL,D,Right,43,2,4,6,0.14,12,36,0.06,13:07,13.11666667,,UFA,"$1,375,000",1.70%,0.017,"$1,375,000",42.01,42.01,37.16,21,10,2,66,34,43
Robby Fabbri,"DET, STL",C,Left,62,15,17,32,0.52,-33,111,0.14,16:08,16.13333333,,RFA,"$900,000",1.10%,0.011,"$900,000",50.26,48.83,45.11,20,39,13,75,93,14
Riley Sheahan,EDM,C,Left,65,8,7,15,0.23,-13,70,0.11,12:47,12.78333333,,UFA,"$900,000",1.10%,0.011,"$900,000",35.95,37.36,37.13,6,25,36,26,59,33
Riley Nash,CBJ,C,Right,64,5,9,14,0.22,6,64,0.08,11:50,11.83333333,,UFA,"$2,750,000",3.50%,0.035,"$2,750,000",41.99,44.09,45.3,10,10,25,68,85,36
Riley Barber,MTL,W,Right,9,0,0,0,0,-1,6,0,8:15,8.25,,UFAGroup 6,"$700,000",0.90%,0.009,"$700,000",51.06,53.4,58.21,2,2,0,15,17,1
Rickard Rakell,ANA,W,Right,65,15,27,42,0.65,-5,186,0.08,18:09,18.15,,UFA,"$3,789,444",5.20%,0.052,"$3,800,000",54.17,54.19,55.54,12,42,30,81,83,29
Richard Panik,WSH,W,Left,59,9,13,22,0.37,16,67,0.13,11:20,11.33333333,,UFA,"$2,750,000",3.40%,0.034,"$3,200,000",53.85,52.38,51.85,36,29,21,75,59,19
Reilly Smith,VGK,W,Left,71,27,27,54,0.76,17,169,0.16,17:54,17.9,M-NTC,UFA,"$5,000,000",6.80%,0.068,"$5,000,000",53.8,53.59,52.79,20,41,58,55,90,30
Rasmus Ristolainen,BUF,D,Right,69,6,27,33,0.48,-2,128,0.05,22:47,22.78333333,,UFA,"$5,400,000",7.40%,0.074,"$5,400,000",46.61,46.11,45.17,46,24,17,203,146,82
Radko Gudas,WSH,D,Right,63,2,13,15,0.24,15,90,0.02,16:43,16.71666667,,UFA,"$3,350,000",4.60%,0.046,"$2,500,000",45.5,45.41,42.62,40,34,23,164,81,75
Radek Faksa,DAL,C,Left,67,11,9,20,0.3,-6,109,0.1,15:53,15.88333333,,RFA,"$2,200,000",2.90%,0.029,"$2,400,000",47.51,46.6,50.28,42,27,34,84,100,44
Phillip Danault,MTL,C,Left,71,13,34,47,0.66,18,131,0.1,18:50,18.83333333,,UFA,"$3,083,333",3.90%,0.039,"$3,000,000",55.24,54.06,53.21,32,50,34,119,92,37
Phil Kessel,ARI,W,Right,70,14,24,38,0.54,-21,153,0.09,17:08,17.13333333,"M-NTC, NMC",UFA,"$8,000,000",12.40%,0.124,"$7,000,000",55.11,53.64,56.06,22,41,19,11,42,20
Pavel Zacha,N.J,C,Left,65,8,24,32,0.49,-12,97,0.08,16:16,16.26666667,,RFA,"$2,250,000",2.80%,0.028,"$1,750,000",43.89,45.09,44.66,14,31,35,62,53,19
Pavel Buchnevich,NYR,W,Left,68,16,30,46,0.68,2,148,0.11,16:55,16.91666667,,RFA,"$3,250,000",4.00%,0.04,"$3,000,000",56.01,56.57,56.24,24,64,38,80,99,22
Paul Stastny,VGK,C,Left,70,17,21,38,0.54,6,136,0.13,17:07,17.11666667,M-NTC,UFA,"$6,500,000",8.20%,0.082,"$6,500,000",59.16,59.17,59.38,24,18,41,63,45,32
Paul LaDue,L.A,D,Right,2,0,1,1,0.5,0,2,0,12:48,12.8,,UFA,"$825,000",1.00%,0.01,"$850,000",55.1,48.48,49.13,0,1,1,2,4,3
Paul Carey,BOS,C,Left,1,0,0,0,0,-1,0,0,6:22,6.366666667,,UFA,"$700,000",0.90%,0.009,"$700,000",21.43,23.08,11.62,0,0,0,0,1,1
Paul Byron,MTL,W,Left,29,4,6,10,0.34,5,29,0.14,14:19,14.31666667,,UFA,"$3,400,000",4.30%,0.043,"$4,000,000",48.68,47.32,45.06,4,10,11,42,26,18
Paul Byron,DET,D,Left,64,1,8,9,0.14,-10,89,0.01,22:02,22.03333333,,UFA,"$3,000,000",3.70%,0.037,"$3,200,000",41.89,41.96,38.66,28,54,10,80,107,92
Patrik Laine,WPG,W,Right,68,28,35,63,0.93,8,226,0.12,19:24,19.4,,RFA,"$6,750,000",8.30%,0.083,"$6,000,000",55.64,54.55,54.81,22,57,41,97,54,35
Patrick Russell,EDM,W,Right,45,0,5,5,0.11,-11,58,0,11:21,11.35,,UFA,"$700,000",0.90%,0.009,"$700,000",44.52,45.29,50.26,12,13,9,64,70,25
Patrick Kane,CHI,W,Left,70,33,51,84,1.2,8,275,0.12,21:20,21.33333333,NMC,UFA,"$10,500,000",15.20%,0.152,"$9,800,000",55.24,54.37,53.52,40,41,43,24,60,19
Patrice Bergeron,BOS,C,Right,61,31,25,56,0.92,23,203,0.15,18:43,18.71666667,NMC,UFA,"$6,875,000",10.70%,0.107,"$4,375,000",59.86,59.66,63.57,28,22,44,46,51,46
Patric Hornqvist,PIT,W,Right,52,17,15,32,0.62,9,168,0.1,15:55,15.91666667,NTC,UFA,"$5,300,000",7.10%,0.071,"$5,300,000",58.45,59.06,64.29,36,8,12,107,102,41
Par Lindholm,BOS,C,Left,40,3,3,6,0.15,6,35,0.09,11:14,11.23333333,,UFA,"$850,000",1.00%,0.01,"$850,000",45.35,45.86,43,4,13,14,23,41,26
P.K. Subban,N.J,D,Right,69,7,11,18,0.26,-21,151,0.05,22:07,22.11666667,,UFA,"$9,000,000",13.00%,0.13,"$10,000,000",49.13,49.88,49.99,79,65,19,88,72,90
Oskar Sundqvist,STL,C,Right,58,12,11,23,0.4,5,97,0.12,14:22,14.36666667,,UFA,"$2,750,000",3.40%,0.034,"$2,250,000",45.19,45.35,46.86,28,11,36,60,75,26
Oscar Klefbom,EDM,D,Left,62,5,29,34,0.55,-17,159,0.03,25:24:00,25.4,,UFA,"$4,167,000",5.70%,0.057,"$4,500,000",48.62,49.64,51.36,24,58,36,45,132,180
Oscar Fantenberg,VAN,D,Left,35,1,5,6,0.17,-10,45,0.02,15:54,15.9,,UFA,"$850,000",1.00%,0.01,"$850,000",40.86,41.98,38.9,6,11,7,67,56,62
Ondrej Palat,T.B,W,Left,69,17,24,41,0.59,25,128,0.13,16:11,16.18333333,NTC,UFA,"$5,300,000",7.10%,0.071,"$5,300,000",53.72,53.44,54.06,22,34,41,145,82,61
Ondrej Kase,"ANA, BOS",W,Right,55,7,17,24,0.44,-7,144,0.05,16:32,16.53333333,,RFA,"$2,600,000",3.30%,0.033,"$2,600,000",55.88,55.06,51.91,14,30,41,13,64,17
Olli Maatta,CHI,D,Left,65,4,13,17,0.26,0,80,0.05,18:25,18.41666667,,UFA,"$4,083,333",5.70%,0.057,"$4,083,300",45.19,45.11,44.27,20,57,22,119,165,110
Oliver Ekman-Larsson,ARI,D,Left,67,9,21,30,0.45,-3,135,0.07,23:00,23,NMC,UFA,"$8,250,000",10.40%,0.104,"$8,000,000",48.28,47.22,47.93,38,45,19,129,118,65
Oliver Bjorkstrand,CBJ,W,Right,49,21,15,36,0.73,8,162,0.13,17:56,17.93333333,,RFA,"$2,500,000",3.10%,0.031,"$2,500,000",58.66,60.19,65.22,12,27,32,43,83,16
Noel Acciari,FLA,C,Right,66,20,7,27,0.41,2,108,0.19,15:57,15.95,M-NTC,UFA,"$1,666,667",2.00%,0.02,"$2,000,000",40.61,42.24,38.02,21,21,32,121,83,103
Noah Hanifin,CGY,D,Left,71,5,17,22,0.31,-12,132,0.04,21:10,21.16666667,,UFA,"$4,950,000",6.20%,0.062,"$4,950,000",50.19,48.71,49.29,12,63,38,82,46,89
Nino Niederreiter,CAR,W,Left,67,11,18,29,0.43,-3,115,0.1,14:49,14.81666667,,UFA,"$5,250,000",7.00%,0.07,"$5,850,000",60.37,59.05,56.88,42,42,35,52,90,19
Nikolay Goldobin,VAN,W,Left,1,0,0,0,0,0,0,0,8:37,8.616666667,,UFANo QO,"$900,000",1.10%,0.011,"$900,000",7.69,10,10,0,0,0,1,1,0
Nikolaj Ehlers,WPG,W,Left,71,25,33,58,0.82,14,203,0.12,16:31,16.51666667,,UFA,"$6,000,000",8.00%,0.08,"$6,500,000",57.21,55.74,51.74,30,39,32,36,84,28
Niklas Hjalmarsson,ARI,D,Left,26,1,4,5,0.19,-2,18,0.06,18:45,18.75,NMC,UFA,"$5,000,000",6.30%,0.063,"$6,000,000",41.81,42.13,37.38,14,20,11,20,29,45
Nikita Zaitsev,OTT,D,Right,57,1,11,12,0.21,-8,64,0.02,22:09,22.15,M-NTC,UFA,"$4,500,000",6.20%,0.062,"$4,500,000",40.6,40.87,39.42,22,44,20,108,86,121
Nikita Zadorov,COL,D,Left,65,4,9,13,0.2,6,65,0.06,17:46,17.76666667,,RFA,"$3,200,000",3.90%,0.039,"$3,200,000",46.47,46.34,45.44,65,35,23,175,65,66
Nikita Kucherov,T.B,W,Left,68,33,52,85,1.25,26,210,0.16,18:51,18.85,,UFA,"$9,500,000",11.90%,0.119,"$12,000,000",61.76,61.34,63.06,38,59,30,37,70,19
Nikita Gusev,N.J,W,Right,66,13,31,44,0.67,-15,158,0.08,14:41,14.68333333,,UFA,"$4,500,000",5.50%,0.055,"$5,000,000",54.94,55.25,55.82,12,40,22,12,26,7
Nicolas Deslauriers,ANA,W,Left,59,7,6,13,0.22,-1,64,0.11,9:46,9.766666667,,UFA,"$950,000",1.30%,0.013,"$950,000",44.19,44.99,42.44,92,10,10,137,55,32
Nicolas Aube-Kubel,PHI,W,Right,36,7,8,15,0.42,1,48,0.15,11:17,11.28333333,,RFA,"$700,000",0.90%,0.009,"$700,000",51.14,54.22,55.41,19,9,13,82,47,16
Nico Sturm,MIN,C,Left,6,0,2,2,0.33,2,2,0,11:53,11.88333333,,RFA,"$874,125",1.10%,0.011,"$874,125",45.9,48.1,52.37,0,1,1,6,8,5
Nicklas Backstrom,WSH,C,Left,61,12,42,54,0.89,-1,132,0.09,19:01,19.01666667,M-NTC,UFA,"$6,700,000",11.30%,0.113,"$8,000,000",59.76,60.21,61.41,14,42,34,30,43,45
Nick Shore,"TOR, WPG",C,Right,60,3,3,6,0.1,1,45,0.07,9:10,9.166666667,,UFA,"$750,000",0.90%,0.009,"$750,000",37.41,37.21,30.16,20,16,14,55,38,20
Nick Seeler,"CHI, MIN",D,Left,13,0,1,1,0.08,-8,5,0,11:56,11.93333333,,UFA,"$725,000",0.90%,0.009,"$750,000",38.25,40.38,39.37,15,7,1,19,18,21
Nick Schmaltz,ARI,C,Right,70,11,34,45,0.64,3,95,0.12,15:32,15.53333333,,UFA,"$5,850,000",7.40%,0.074,"$3,000,000",54.72,53.66,52,20,27,52,12,57,35
Nick Ritchie,"ANA, BOS",W,Left,48,9,12,21,0.44,1,78,0.12,14:08,14.13333333,,RFA,"$1,498,925",2.10%,0.021,"$1,400,000",55.81,56.07,57.17,97,20,11,102,47,17
Nick Leddy,NYI,D,Left,60,3,18,21,0.35,-1,72,0.04,21:06,21.1,,UFA,"$5,500,000",8.00%,0.08,"$6,000,000",45.84,45.88,47.09,14,52,17,62,69,72
Nick Jensen,WSH,D,Right,67,0,8,8,0.12,1,61,0,17:49,17.81666667,,UFA,"$2,500,000",3.10%,0.031,"$3,000,000",47.27,47.73,44.57,13,48,26,59,129,71
Nick Holden,VGK,D,Left,61,6,8,14,0.23,-1,101,0.06,18:51,18.85,,UFA,"$2,200,000",2.80%,0.028,"$1,800,000",52.21,52.3,51.99,13,35,26,129,123,74
Nick Foligno,CBJ,W,Left,67,10,21,31,0.46,-3,131,0.08,18:40,18.66666667,"M-NTC, NMC",UFA,"$5,500,000",8.00%,0.08,"$5,500,000",50.85,53.48,52.76,62,35,39,212,54,50
Nick Cousins,"MTL, VGK",C,Left,66,10,15,25,0.38,0,115,0.09,13:30,13.5,,UFANo QO,"$1,000,000",1.20%,0.012,"$1,000,000",57.43,58.46,61.88,35,21,29,91,124,31
Nick Bonino,NSH,C,Left,67,18,17,35,0.52,17,104,0.17,16:31,16.51666667,,UFA,"$4,100,000",5.50%,0.055,"$4,100,000",46.16,48.16,50.22,16,22,47,17,48,89
Nick Bjugstad,PIT,C,Right,13,1,1,2,0.15,3,18,0.06,12:14,12.23333333,,UFA,"$4,100,000",5.90%,0.059,"$5,000,000",52.03,53.92,52.32,8,5,3,19,15,7
Nic Dowd,WSH,C,Right,56,7,8,15,0.27,11,52,0.13,10:50,10.83333333,,UFA,"$750,000",0.90%,0.009,"$700,000",46.18,47.51,44.31,28,7,22,117,70,26
Neal Pionk,WPG,D,Right,71,6,39,45,0.63,10,177,0.03,23:22,23.36666667,,RFA,"$3,000,000",3.70%,0.037,"$2,850,000",55.35,54.23,54.85,32,62,31,165,110,78
Nazem Kadri,COL,C,Left,51,19,17,36,0.71,7,133,0.14,17:25,17.41666667,M-NTC,UFA,"$4,500,000",6.30%,0.063,"$4,500,000",58.9,57.59,58.4,97,28,21,61,73,9
Nathan Walker,STL,W,Left,5,1,1,2,0.4,-2,6,0.17,11:07,11.11666667,,UFA,"$700,000",0.90%,0.009,"$700,000",59.13,53.41,50.92,4,1,0,10,4,1
Nathan MacKinnon,COL,C,Right,69,35,58,93,1.35,13,318,0.11,21:13,21.21666667,,UFA,"$6,300,000",8.60%,0.086,"$6,750,000",60.27,60.28,63.59,12,53,38,51,81,31
Nathan Beaulieu,WPG,D,Left,38,1,7,8,0.21,15,38,0.03,16:59,16.98333333,,UFA,"$1,000,000",1.20%,0.012,"$1,000,000",39.5,40.57,36.66,29,23,6,62,34,47
Nate Thompson,"MTL, PHI",C,Left,71,4,11,15,0.21,-1,67,0.06,12:47,12.78333333,,UFA,"$1,000,000",1.30%,0.013,"$1,000,000",40.93,42.01,37.96,30,33,25,118,83,50
Nate Schmidt,VGK,D,Left,58,7,24,31,0.53,11,112,0.06,21:40,21.66666667,M-NTC,UFA,"$5,950,000",7.50%,0.075,"$8,800,000",51.74,51.83,51.28,12,39,33,25,52,91
Morgan Rielly,TOR,D,Left,47,3,24,27,0.57,6,123,0.02,24:12:00,24.2,,UFA,"$5,000,000",7.00%,0.07,"$5,000,000",52.36,51.3,51.91,24,42,17,38,81,67
Mitchell Marner,TOR,W,Right,59,16,51,67,1.14,6,154,0.1,21:33,21.55,,UFA,"$10,893,000",13.40%,0.134,"$16,000,000",53.72,54.03,56.83,16,71,64,24,55,37
Mirco Mueller,N.J,D,Left,50,2,5,7,0.14,-13,29,0.07,17:38,17.63333333,,UFANo QO,"$1,400,000",1.70%,0.017,"$1,400,000",41.21,42.35,39.6,23,27,9,63,73,91
Miles Wood,N.J,W,Left,68,11,12,23,0.34,-19,141,0.08,13:14,13.23333333,,RFA,"$2,750,000",3.50%,0.035,"$2,500,000",44.92,45.18,46.45,57,22,15,102,98,26
Milan Lucic,CGY,W,Left,69,8,12,20,0.29,-6,83,0.1,13:19,13.31666667,NMC,UFA,"$6,000,000",8.20%,0.082,"$6,000,000",54.5,54.29,55.97,54,42,19,198,87,20
Mikko Rantanen,COL,W,Left,42,19,22,41,0.98,-2,107,0.18,18:56,18.93333333,,UFA,"$9,250,000",11.30%,0.113,"$12,000,000",58.85,59.06,60.34,14,16,34,28,85,23
Mikkel Boedker,OTT,W,Left,20,2,2,4,0.2,-1,29,0.07,9:42,9.7,,UFA,"$4,000,000",5.50%,0.055,"$3,000,000",45.29,46.22,41.27,0,8,1,12,12,5
Mike Reilly,"MTL, OTT",D,Left,44,1,15,16,0.36,-6,85,0.01,18:01,18.01666667,,UFA,"$1,500,000",1.80%,0.018,"$1,500,000",55.26,55.17,55.29,24,39,9,39,68,46
Mike Hoffman,FLA,W,Left,69,29,30,59,0.86,-5,214,0.14,16:50,16.83333333,M-NTC,UFA,"$5,187,500",7.10%,0.071,"$5,650,000",60.16,58.43,58.02,28,52,31,33,51,22
Mike Green,"DET, EDM",D,Right,50,3,8,11,0.22,-34,76,0.04,20:52,20.86666667,M-NTC,UFA,"$5,375,000",6.80%,0.068,"$5,250,000",50.11,51.02,50.86,32,41,12,61,76,66
Mikael Granlund,NSH,C,Left,63,17,13,30,0.48,-4,130,0.13,17:48,17.8,,UFA,"$5,750,000",7.70%,0.077,"$6,500,000",55.57,55.93,58.53,28,34,24,42,86,55
Mikael Backlund,CGY,C,Left,70,16,29,45,0.64,3,157,0.1,17:56,17.93333333,NTC,UFA,"$5,350,000",7.10%,0.071,"$5,850,000",50.33,49.76,49.65,26,55,64,44,54,11
Mika Zibanejad,NYR,C,Right,57,41,34,75,1.32,9,208,0.2,21:37,21.61666667,NMC,UFA,"$5,350,000",7.10%,0.071,"$5,350,000",51.74,51.5,47.1,14,43,42,51,86,49
Miikka Salomaki,NSH,W,Left,5,1,0,1,0.2,2,2,0.5,12:08,12.13333333,,UFA,"$750,000",0.90%,0.009,"$750,000",42.68,44.44,50.72,4,3,1,9,6,3
Micheal Haley,NYR,C,Left,20,1,0,1,0.05,-7,9,0.11,5:31,5.516666667,,UFA,"$700,000",0.90%,0.009,"$700,000",36.6,38.51,35.31,50,5,1,36,12,6
Micheal Ferland,VAN,W,Left,14,1,4,5,0.36,-3,15,0.07,9:47,9.783333333,NMC,UFA,"$3,500,000",4.30%,0.043,"$4,500,000",46.29,46.67,41.43,7,1,2,40,8,2
Michal Kempny,WSH,D,Left,58,3,15,18,0.31,19,73,0.04,18:38,18.63333333,,UFA,"$2,500,000",3.10%,0.031,"$2,700,000",48.23,48.17,48.68,22,35,13,42,79,72
Michael Stone,CGY,D,Right,33,2,5,7,0.21,-5,57,0.04,16:19,16.31666667,M-NTC,UFA,"$3,500,000",0.90%,0.009,"$3,500,000",42.17,41.55,36.88,16,9,6,52,42,54
Michael Raffl,PHI,W,Left,59,8,12,20,0.34,-2,66,0.12,12:22,12.36666667,,UFA,"$1,600,000",2.00%,0.02,"$1,800,000",46.26,46.73,43.7,14,23,19,73,76,25
Michael Frolik,"BUF, CGY",W,Left,56,6,8,14,0.25,-12,70,0.09,12:26,12.43333333,M-NTC,UFA,"$4,300,000",5.90%,0.059,"$3,000,000",44.71,43.48,38.88,28,28,32,32,71,22
Michael Del Zotto,ANA,D,Left,48,2,13,15,0.31,5,57,0.04,18:42,18.7,,UFA,"$750,000",0.90%,0.009,"$750,000",45.85,45.53,44.58,14,33,9,101,44,55
Michael Dal Colle,NYI,W,Left,53,4,6,10,0.19,-8,59,0.07,11:47,11.78333333,,RFA,"$700,000",0.90%,0.009,"$700,000",44.24,43.42,45.6,12,18,10,81,41,21
Melker Karlsson,S.J,C,Right,60,6,6,12,0.2,-7,56,0.11,12:16,12.26666667,,UFA,"$2,000,000",2.70%,0.027,"$2,000,000",38.84,38.26,35.42,20,11,26,38,49,39
Max Pacioretty,VGK,W,Left,71,32,34,66,0.93,18,307,0.1,17:54,17.9,M-NTC,UFA,"$7,000,000",8.80%,0.088,"$10,500,000",63.92,64.86,65.63,44,55,32,90,134,35
Max Domi,MTL,C,Left,71,17,27,44,0.62,-3,179,0.1,17:05,17.08333333,,RFA,"$3,150,000",4.20%,0.042,"$3,150,000",57.8,56.37,57.59,35,64,42,32,58,13
Mattias Janmark,DAL,C,Left,62,6,15,21,0.34,-5,86,0.07,14:37,14.61666667,,UFA,"$2,300,000",2.90%,0.029,"$2,300,000",47.95,48.22,49.23,12,31,27,22,63,37
Mattias Ekholm,NSH,D,Left,67,8,25,33,0.49,-1,154,0.05,23:22,23.36666667,,UFA,"$3,750,000",5.30%,0.053,"$4,000,000",46.84,47.53,45.82,32,50,51,49,76,100
Matthew Tkachuk,CGY,W,Left,69,23,38,61,0.88,-5,188,0.12,18:18,18.3,,RFA,"$7,000,000",8.60%,0.086,"$5,000,000",58.45,57.63,58.39,74,86,40,122,83,22
Matthew Peca,"MTL, OTT",C,Left,14,0,2,2,0.14,-4,7,0,10:26,10.43333333,,UFA,"$1,300,000",1.60%,0.016,"$1,300,000",48.04,47.32,46.34,0,1,0,15,13,4
Matthew Benning,EDM,D,Right,42,1,7,8,0.19,8,38,0.03,13:13,13.21666667,,UFANo QO,"$1,900,000",2.50%,0.025,"$2,000,000",46.61,47.68,48.18,15,19,12,78,79,34
Matt Tennyson,N.J,D,Right,20,0,3,3,0.15,-2,14,0,12:08,12.13333333,,UFA,"$700,000",0.90%,0.009,"$700,000",46.06,47.09,48.6,6,8,2,27,32,18
Matt Niskanen,PHI,D,Right,67,8,25,33,0.49,15,126,0.06,21:54,21.9,M-NTC,UFA,"$5,750,000",8.30%,0.083,"$5,750,000",51.25,51.59,50.35,29,56,14,124,102,84
Matt Nieto,COL,W,Left,70,8,13,21,0.3,7,85,0.09,13:30,13.5,,UFA,"$1,975,000",2.50%,0.025,"$1,975,000",43.71,43.23,38.79,6,17,19,37,89,23
Matt Martin,NYI,W,Left,53,5,3,8,0.15,-1,49,0.1,10:25,10.41666667,,UFA,"$2,500,000",3.40%,0.034,"$1,750,000",43.32,42.57,45.44,40,17,11,242,69,24
Matt Grzelcyk,BOS,D,Left,68,4,17,21,0.31,15,112,0.04,18:03,18.05,,RFA,"$1,400,000",1.90%,0.019,"$1,400,000",53.06,54.24,58.76,34,39,22,56,108,67
Matt Dumba,MIN,D,Right,69,6,18,24,0.35,-7,167,0.04,22:29,22.48333333,,UFA,"$6,000,000",7.50%,0.075,"$7,400,000",51.26,51.5,52.05,41,35,20,98,78,88
Matt Duchene,NSH,C,Left,66,13,29,42,0.64,-4,136,0.1,16:52,16.86666667,,UFA,"$8,000,000",9.80%,0.098,"$10,000,000",60.62,60.16,59.91,24,36,31,40,70,22
Matt Calvert,COL,W,Left,50,12,13,25,0.5,13,89,0.13,14:05,14.08333333,,UFA,"$2,850,000",3.60%,0.036,"$2,925,000",47.31,47.19,45.52,39,13,21,58,77,22
Mats Zuccarello,MIN,W,Left,65,15,22,37,0.57,-9,96,0.16,15:56,15.93333333,NMC,UFA,"$6,000,000",7.40%,0.074,"$5,000,000",52.31,52.69,54.35,18,17,33,13,50,36
Mathieu Perreault,WPG,W,Left,48,7,8,15,0.31,-9,71,0.1,13:06,13.1,M-NTC,UFA,"$4,125,000",5.70%,0.057,"$4,000,000",53.21,51.84,49.27,10,11,17,69,18,19
Markus Nutivaara,CBJ,D,Left,38,3,6,9,0.24,2,47,0.06,15:55,15.91666667,,UFA,"$2,700,000",3.60%,0.036,"$2,500,000",50,50.93,50.77,4,13,6,35,36,33
Markus Granlund,EDM,C,Left,33,3,1,4,0.12,-1,26,0.12,10:49,10.81666667,,UFA,"$1,300,000",1.60%,0.016,"$1,300,000",43.73,43.38,41.52,14,7,11,15,33,18
Marko Dano,CBJ,W,Left,3,0,0,0,0,-1,2,0,7:10,7.166666667,,UFANo QO,"$800,000",1.00%,0.01,"$800,000",48.65,53.85,61.97,2,1,1,5,2,3
Mark Stone,VGK,W,Right,65,21,42,63,0.97,15,168,0.13,19:24,19.4,NMC,UFA,"$9,500,000",11.90%,0.119,"$12,000,000",57.83,58.54,57.81,27,38,78,56,64,51
Mark Scheifele,WPG,C,Right,71,29,44,73,1.03,2,170,0.17,21:48,21.8,,UFA,"$6,125,000",8.40%,0.084,"$6,750,000",54.97,53.91,54.45,45,46,57,34,136,49
Mark Pysyk,FLA,D,Right,58,9,9,18,0.31,4,64,0.14,12:45,12.75,,UFA,"$2,733,333",3.60%,0.036,"$3,500,000",43.12,43.44,43.78,20,15,26,47,42,38
Mark Letestu,WPG,C,Right,7,0,0,0,0,0,5,0,10:35,10.58333333,,UFA,"$700,000",0.90%,0.009,"$700,000",35,38.61,29.42,0,1,0,3,6,5
Mark Jankowski,CGY,C,Left,54,5,2,7,0.13,-12,38,0.13,11:05,11.08333333,,UFANo QO,"$1,675,000",2.10%,0.021,"$1,750,000",41.49,40.88,39.76,14,20,32,14,32,33
Mark Giordano,CGY,D,Left,60,5,26,31,0.52,2,157,0.03,23:52,23.86666667,NTC,UFA,"$6,750,000",9.20%,0.092,"$6,750,000",51.04,51.27,51.07,34,51,36,42,85,148
Mark Borowiecki,OTT,D,Left,53,7,11,18,0.34,1,63,0.11,17:56,17.93333333,,UFA,"$1,200,000",1.60%,0.016,"$1,200,000",39.73,42.48,43,58,30,10,199,84,120
Mark Barberio,COL,D,Left,20,0,2,2,0.1,3,29,0,14:05,14.08333333,,UFA,"$1,450,000",1.90%,0.019,"$1,450,000",47.79,47.39,43.81,16,13,6,13,26,19
Marcus Sorensen,S.J,W,Left,67,7,11,18,0.27,-12,78,0.09,13:50,13.83333333,,UFA,"$1,500,000",1.90%,0.019,"$1,500,000",45.05,43.9,41.9,26,18,28,56,62,18
Marcus Pettersson,PIT,D,Left,69,2,20,22,0.32,9,79,0.03,19:24,19.4,,RFA,"$874,125",1.10%,0.011,"$874,125",50.98,51.68,53.43,35,38,17,106,258,84
Marcus Johansson,BUF,W,Left,60,9,21,30,0.5,-12,87,0.1,17:08,17.13333333,M-NTC,UFA,"$4,500,000",5.50%,0.055,"$5,000,000",52.72,51.59,48.15,20,24,15,39,58,22
Marcus Foligno,MIN,W,Left,60,11,14,25,0.42,8,86,0.13,14:35,14.58333333,,UFA,"$2,875,000",3.80%,0.038,"$3,500,000",46.05,46.96,46.46,30,17,31,184,48,36
Marco Scandella,"BUF, MTL, STL",D,Left,62,4,9,13,0.21,14,77,0.05,17:34,17.56666667,,UFA,"$4,000,000",5.80%,0.058,"$4,750,000",46.96,46.71,44.41,20,49,18,78,64,60
Marc Staal,NYR,D,Left,52,2,9,11,0.21,5,46,0.04,17:38,17.63333333,NMC,UFA,"$5,700,000",8.30%,0.083,"$5,000,000",37.31,38.14,36.22,16,34,19,69,52,76
Madison Bowey,DET,D,Right,53,3,14,17,0.32,-16,70,0.04,17:54,17.9,,UFANo QO,"$1,000,000",1.30%,0.013,"$1,000,000",42.29,42.29,37.96,34,45,14,53,67,58
MacKenzie Weegar,FLA,D,Right,45,7,11,18,0.4,6,77,0.09,20:07,20.11666667,,RFA,"$1,600,000",2.00%,0.02,"$1,600,000",48.22,49.79,48.28,33,38,25,76,69,71
Mackenzie MacEachern,STL,W,Left,50,7,3,10,0.2,2,63,0.11,8:57,8.95,,RFA,"$750,000",0.90%,0.009,"$750,000",51.97,51.34,50.14,33,11,14,82,67,13
Luke Witkowski,T.B,W,Right,12,1,2,3,0.25,-4,10,0.1,8:48,8.8,,UFA,"$700,000",0.90%,0.009,"$700,000",36.36,35.22,36.69,13,2,2,38,13,3
Luke Schenn,T.B,D,Right,25,1,2,3,0.12,-8,31,0.03,12:27,12.45,,UFA,"$700,000",0.90%,0.009,"$700,000",44.03,43.5,37.14,23,10,5,83,29,21
Luke Glendening,DET,C,Right,60,6,3,9,0.15,-29,76,0.08,15:21,15.35,,UFA,"$1,800,000",2.50%,0.025,"$1,700,000",34.67,35.77,30.99,14,18,10,147,82,68
Lukas Radil,S.J,C,Left,14,0,0,0,0,-3,12,0,9:23,9.383333333,,UFA,"$700,000",0.90%,0.009,"$700,000",44.65,41.88,39.15,8,4,4,16,17,2
Luca Sbisa,WPG,D,Left,43,2,8,10,0.23,1,49,0.04,17:56,17.93333333,,UFA,"$750,000",0.90%,0.009,"$750,000",42.45,42.13,40.65,37,26,4,91,67,71
Loui Eriksson,VAN,W,Left,48,6,7,13,0.27,-2,59,0.1,12:22,12.36666667,NTC,UFA,"$6,000,000",8.20%,0.082,"$5,000,000",45.64,44.76,46.29,12,8,17,10,38,15
Logan Shaw,WPG,W,Right,36,3,2,5,0.14,0,20,0.15,6:49,6.816666667,,UFA,"$700,000",0.90%,0.009,"$700,000",37.3,39.03,34.97,0,5,2,24,23,13
Logan Couture,S.J,C,Left,52,16,23,39,0.75,0,126,0.13,18:31,18.51666667,M-NTC,UFA,"$8,000,000",10.10%,0.101,"$10,000,000",54.04,52.93,53.78,18,26,28,54,55,45
Leon Draisaitl,EDM,C,Left,71,43,67,110,1.55,-7,218,0.2,22:36,22.6,,UFA,"$8,500,000",11.30%,0.113,"$9,000,000",52.87,52.41,54.78,18,91,60,27,96,19
Leo Komarov,NYI,W,Left,48,4,10,14,0.29,2,46,0.09,12:35,12.58333333,M-NTC,UFA,"$3,000,000",3.80%,0.038,"$3,500,000",40.05,39.74,44.33,10,16,13,123,43,29
Lawson Crouse,ARI,W,Left,66,15,10,25,0.38,0,109,0.14,13:34,13.56666667,,RFA,"$1,533,333",1.90%,0.019,"$1,000,000",42.6,43.21,43.1,33,22,28,201,74,29
Lars Eller,WSH,C,Left,68,16,23,39,0.57,3,151,0.11,17:00,17,,UFA,"$3,500,000",4.70%,0.047,"$4,000,000",52.77,53.55,49.78,48,41,44,59,118,44
Kyle Palmieri,N.J,W,Right,65,25,20,45,0.69,-4,155,0.16,17:06,17.1,M-NTC,UFA,"$4,650,000",6.40%,0.064,"$5,000,000",55.57,57.3,63.01,41,28,29,74,72,36
Kyle Okposo,BUF,W,Right,51,9,10,19,0.37,-3,82,0.11,12:50,12.83333333,M-NTC,UFA,"$6,000,000",8.20%,0.082,"$6,000,000",51.93,51.93,54.62,28,13,15,55,53,15
Kyle Connor,WPG,W,Left,71,38,35,73,1.03,4,239,0.16,21:05,21.08333333,,UFA,"$7,142,857",8.80%,0.088,"$7,500,000",54.5,53.38,51.52,34,39,43,18,54,17
Kyle Clifford,"L.A, TOR",W,Left,68,7,10,17,0.25,-7,110,0.06,11:11,11.18333333,,UFA,"$1,600,000",2.30%,0.023,"$1,900,000",53.37,53.8,54.38,68,17,11,133,105,15
Kris Russell,EDM,D,Left,56,0,9,9,0.16,0,45,0,16:46,16.76666667,"M-NTC, NMC",UFA,"$4,000,000",5.30%,0.053,"$4,000,000",38.22,39.82,38.22,14,38,31,71,75,101
Kris Letang,PIT,D,Right,61,15,29,44,0.72,0,177,0.08,25:43:00,25.71666667,"M-NTC, NMC",UFA,"$7,250,000",11.30%,0.113,"$7,250,000",54.16,53.87,55.8,38,80,31,101,123,91
Korbinian Holzer,"ANA, NSH",D,Right,50,1,3,4,0.08,-2,39,0.03,16:02,16.03333333,,UFA,"$850,000",1.10%,0.011,"$850,000",38.62,39.13,36.34,37,28,2,97,73,96
Kevin Shattenkirk,T.B,D,Right,69,8,26,34,0.49,22,131,0.06,18:53,18.88333333,"M-NTC, NMC",UFA,"$6,650,000",2.10%,0.021,"$6,600,000",54.99,54.18,56.34,38,34,32,62,103,66
Kevin Shattenkirk,T.B,D,Right,69,8,26,34,0.49,22,131,0.06,18:53,18.88333333,NTC,UFA,"$1,750,000",2.10%,0.021,"$1,750,000",54.99,54.18,56.34,38,34,32,62,103,66
Kevin Labanc,S.J,W,Right,70,14,19,33,0.47,-33,176,0.08,16:04,16.06666667,,RFA,"$1,000,000",1.20%,0.012,"$1,000,000",60.42,59.21,57.63,38,33,33,46,83,24
Kevin Hayes,PHI,C,Left,69,23,18,41,0.59,-6,175,0.13,17:43,17.71666667,NMC,UFA,"$7,142,857",9.00%,0.09,"$9,000,000",49.51,49.45,50.18,34,34,43,88,61,22
Kevin Gravel,TOR,D,Left,3,0,0,0,0,0,2,0,11:05,11.08333333,,UFA,"$700,000",0.90%,0.009,"$700,000",45.28,45.95,48.2,0,1,0,2,7,3
Kevin Fiala,MIN,W,Left,64,23,31,54,0.84,-1,175,0.13,15:24,15.4,,RFA,"$3,000,000",3.70%,0.037,"$2,500,000",57.31,57.2,57.42,42,35,33,25,60,18
Kevin Connauton,COL,D,Left,4,0,0,0,0,-2,4,0,15:30,15.5,,UFA,"$1,375,000",1.70%,0.017,"$1,500,000",50.47,50.65,48.12,0,0,0,6,7,6
Keith Yandle,FLA,D,Left,69,5,40,45,0.65,0,129,0.04,19:41,19.68333333,NMC,UFA,"$6,350,000",8.70%,0.087,"$5,750,000",56.48,55.69,55.68,20,66,25,18,12,51
Kasperi Kapanen,TOR,W,Right,69,13,23,36,0.52,0,121,0.11,15:47,15.78333333,,RFA,"$3,200,000",3.90%,0.039,"$4,400,000",50.64,49.23,47.92,22,29,36,73,55,17
Juuso Riikola,PIT,D,Left,37,1,6,7,0.19,3,38,0.03,13:53,13.88333333,,RFA,"$850,000",1.10%,0.011,"$850,000",56.02,56.09,59.64,6,16,8,74,76,24
Justin Schultz,PIT,D,Right,46,3,9,12,0.26,-13,86,0.03,19:52,19.86666667,M-NTC,UFA,"$5,500,000",7.30%,0.073,"$6,000,000",55.01,55.82,57.51,6,18,6,36,98,50
Justin Faulk,STL,D,Right,70,5,11,16,0.23,-3,147,0.03,20:34,20.56666667,NTC,UFA,"$4,833,333",7.50%,0.075,"$6,000,000",50.48,50.37,51.94,32,39,24,82,61,76
Justin Dowling,DAL,C,Left,29,3,3,6,0.21,-3,29,0.1,10:57,10.95,,UFA,"$750,000",0.90%,0.009,"$750,000",52.89,53.19,55.48,8,9,15,25,21,12
Justin Braun,PHI,D,Right,61,3,16,19,0.31,-2,70,0.04,17:16,17.26666667,,UFA,"$3,800,000",5.50%,0.055,"$3,800,000",47.9,47.51,44.86,18,31,10,91,87,84
Justin Bailey,VAN,W,Right,2,0,0,0,0,0,1,0,5:19,5.316666667,,RFA,"$750,000",0.90%,0.009,"$750,000",33.33,29.41,30.03,0,1,0,4,1,0
Jujhar Khaira,EDM,W,Left,63,6,4,10,0.16,-19,69,0.09,12:31,12.51666667,,RFA,"$1,200,000",1.50%,0.015,"$1,100,000",40.85,41.71,37.65,38,36,15,136,90,30
Josh Manson,ANA,D,Right,50,1,8,9,0.18,-10,64,0.02,20:37,20.61666667,M-NTC,UFA,"$4,100,000",5.50%,0.055,"$4,250,000",45.87,46.12,43.27,37,41,21,113,67,65
Josh Leivo,VAN,W,Right,36,7,12,19,0.53,0,69,0.1,15:00,15,,UFA,"$1,500,000",1.80%,0.018,"$1,500,000",55.79,54.03,51.33,4,15,11,17,28,8
Josh Bailey,NYI,W,Left,68,14,29,43,0.63,-12,94,0.15,16:53,16.88333333,,UFA,"$5,000,000",6.70%,0.067,"$6,000,000",46.29,46.1,50.14,10,54,38,20,48,48
Josh Archibald,EDM,W,Right,62,12,9,21,0.34,-8,64,0.19,13:13,13.21666667,,UFA,"$1,000,000",1.20%,0.012,"$1,000,000",36.67,38.19,36.62,12,11,24,165,86,44
Josh Anderson,CBJ,W,Right,27,1,3,4,0.15,-8,63,0.02,16:03,16.05,,RFA,"$1,850,000",2.50%,0.025,"$2,100,000",47.81,50.25,52.67,17,12,9,68,26,13
Jordie Benn,VAN,D,Left,44,1,6,7,0.16,-7,58,0.02,16:17,16.28333333,,UFA,"$2,000,000",2.50%,0.025,"$2,400,000",38.9,40.43,35.96,17,17,7,45,47,62
Jordan Weal,MTL,C,Right,48,8,7,15,0.31,-8,86,0.09,13:36,13.6,,UFA,"$1,400,000",1.80%,0.018,"$1,300,000",61.12,60.58,63.42,14,12,22,32,45,21
Jordan Szwarz,OTT,W,Right,3,0,0,0,0,0,2,0,4:55,4.916666667,,UFA,"$800,000",1.00%,0.01,"$800,000",33.33,50,41.38,2,0,0,6,1,1
Jordan Staal,CAR,C,Left,68,8,19,27,0.4,3,125,0.06,17:30,17.5,NMC,UFA,"$6,000,000",10.00%,0.1,"$6,000,000",52.9,52.33,53.65,40,41,30,149,86,36
Jordan Oesterle,ARI,D,Left,59,3,10,13,0.22,-9,69,0.04,17:00,17,,UFA,"$1,400,000",1.80%,0.018,"$1,200,000",47.97,48.49,48.94,14,37,11,48,106,88
Jordan Martinook,CAR,W,Left,45,2,11,13,0.29,-2,44,0.05,11:15,11.25,,UFA,"$2,000,000",2.50%,0.025,"$1,850,000",49.72,49.85,48.39,22,19,24,72,69,23
Jordan Eberle,NYI,W,Right,58,16,24,40,0.69,1,136,0.12,17:48,17.8,NTC,UFA,"$5,500,000",6.90%,0.069,"$7,250,000",57.85,57.92,59.44,12,37,34,37,80,39
Joonas Donskoi,COL,W,Right,65,16,17,33,0.51,2,111,0.14,16:15,16.25,,UFA,"$3,900,000",4.80%,0.048,"$4,900,000",51.31,50.78,50.34,26,20,28,25,113,38
Jonathan Toews,CHI,C,Left,70,18,42,60,0.86,-2,172,0.1,19:46,19.76666667,NMC,UFA,"$10,500,000",15.20%,0.152,"$9,800,000",52.76,51.52,51.53,48,40,58,56,104,35
Jonathan Marchessault,VGK,C,Right,66,22,25,47,0.71,6,235,0.09,17:16,17.26666667,M-NTC,UFA,"$5,000,000",6.70%,0.067,"$6,000,000",60.07,59.34,59.82,28,48,37,99,92,12
Jonathan Huberdeau,FLA,W,Left,69,23,55,78,1.13,5,152,0.15,18:46,18.76666667,NMC,UFA,"$5,900,000",8.10%,0.081,"$6,200,000",59.29,58.26,58.34,30,70,42,51,71,26
Jonathan Ericsson,DET,D,Left,18,0,0,0,0,-12,16,0,14:14,14.23333333,M-NTC,UFA,"$4,250,000",6.60%,0.066,"$4,250,000",39.92,41.4,35.59,4,20,1,24,11,14
Jonathan Drouin,MTL,W,Left,27,7,8,15,0.56,-6,51,0.14,15:42,15.7,,UFA,"$5,500,000",7.50%,0.075,"$5,500,000",56.51,55.41,53.74,14,11,12,25,13,5
Jonas Brodin,MIN,D,Left,68,2,26,28,0.41,15,103,0.02,21:33,21.55,,UFA,"$4,166,667",6.00%,0.06,"$4,750,000",46.27,47.61,48.79,24,16,14,41,102,112
Jon Merrill,VGK,D,Left,50,2,5,7,0.14,9,37,0.05,18:09,18.15,,UFA,"$1,375,000",1.80%,0.018,"$1,475,000",49.08,50.81,50.4,32,27,14,51,122,71
Johnny Gaudreau,CGY,W,Left,70,18,40,58,0.83,-10,209,0.09,18:47,18.78333333,,UFA,"$6,750,000",9.20%,0.092,"$6,750,000",56.88,55.73,57.04,12,71,40,1,25,11
Johnny Boychuk,NYI,D,Right,65,2,9,11,0.17,-11,96,0.02,17:17,17.28333333,M-NTC,UFA,"$6,000,000",8.20%,0.082,"$6,000,000",41.08,41.54,41.63,14,50,6,135,116,128
John Tavares,TOR,C,Left,63,26,34,60,0.95,-7,197,0.13,19:32,19.53333333,NMC,UFA,"$11,000,000",13.80%,0.138,"$15,900,000",58.56,57.9,59.11,24,47,35,32,89,31
John Quenneville,CHI,C,Left,9,0,0,0,0,-1,14,0,11:02,11.03333333,,RFA,"$750,000",0.90%,0.009,"$700,000",49.53,47.74,41.44,0,5,2,21,17,3
John Moore,BOS,D,Left,23,2,1,3,0.13,-2,33,0.06,16:32,16.53333333,,UFA,"$2,750,000",3.50%,0.035,"$3,250,000",47.89,48.21,46.65,11,7,2,36,42,27
John Klingberg,DAL,D,Right,58,6,26,32,0.55,-10,120,0.05,22:09,22.15,,UFA,"$4,250,000",6.20%,0.062,"$5,000,000",55.24,54.28,55.26,22,71,24,29,111,72
John Hayden,N.J,C,Right,44,3,1,4,0.09,-2,39,0.08,9:42,9.7,,UFANo QO,"$750,000",1.00%,0.01,"$800,000",38.35,38.67,35.2,77,7,13,87,40,27
John Carlson,WSH,D,Right,69,15,60,75,1.09,12,189,0.08,24:37:00,24.61666667,M-NTC,UFA,"$8,000,000",10.10%,0.101,"$12,000,000",55.39,55.97,57.24,26,80,42,55,58,108
Johan Larsson,BUF,C,Left,62,6,12,18,0.29,8,60,0.1,14:53,14.88333333,,UFA,"$1,550,000",1.90%,0.019,"$1,550,000",44.61,44.7,43.01,24,23,24,85,112,31
Joel Persson,EDM,D,Right,13,0,2,2,0.15,-1,17,0,15:18,15.3,,UFANo QO,"$1,000,000",1.30%,0.013,"$1,000,000",48.07,47.79,47.71,2,8,2,6,15,10
Joel Eriksson Ek,MIN,C,Left,62,8,21,29,0.47,7,102,0.08,15:43,15.71666667,,RFA,"$1,487,500",1.80%,0.018,"$1,450,000",43.19,43.45,44.37,22,18,19,93,75,43
Joel Edmundson,CAR,D,Left,69,7,13,20,0.29,7,97,0.07,18:26,18.43333333,,UFA,"$3,100,000",3.80%,0.038,"$3,100,000",45.01,44.69,40.6,72,45,23,118,74,91
Joel Armia,MTL,W,Right,58,16,14,30,0.52,2,155,0.1,17:13,17.21666667,,UFA,"$2,600,000",3.20%,0.032,"$2,800,000",52.26,51.28,51.86,28,27,47,146,39,25
Joe Pavelski,DAL,C,Right,67,14,17,31,0.46,6,125,0.11,16:55,16.91666667,NMC,UFA,"$7,000,000",8.60%,0.086,"$8,000,000",56.37,55.5,59.44,29,27,38,62,44,52
Joakim Ryan,L.A,D,Left,36,1,4,5,0.14,-10,54,0.02,19:08,19.13333333,,UFA,"$725,000",0.90%,0.009,"$725,000",47.73,48.41,46.44,10,28,6,24,55,46
Joakim Nordstrom,BOS,C,Left,47,4,3,7,0.15,-6,49,0.08,12:05,12.08333333,,UFA,"$1,000,000",1.30%,0.013,"$1,100,000",37.55,37.76,33.22,17,10,12,91,55,31
Jimmy Vesey,BUF,W,Left,65,9,11,20,0.31,12,93,0.1,13:48,13.8,,UFA,"$2,275,000",2.90%,0.029,"$2,350,000",48.04,47.68,45.93,15,16,26,43,42,20
Jesper Fast,NYR,W,Right,69,12,17,29,0.42,16,84,0.14,16:36,16.6,,UFA,"$1,850,000",2.50%,0.025,"$1,950,000",41.7,42.77,41.65,20,32,24,125,106,53
Jeff Skinner,BUF,W,Left,59,14,9,23,0.39,-22,183,0.08,16:29,16.48333333,NMC,UFA,"$9,000,000",11.30%,0.113,"$10,000,000",55.31,54.38,54.26,18,24,28,29,34,11
Jeff Petry,MTL,D,Right,71,11,29,40,0.56,-10,158,0.07,23:38,23.63333333,"M-NTC, NMC",UFA,"$5,500,000",8.00%,0.08,"$4,000,000",56.17,55.21,53.89,26,88,30,177,118,79
Jeff Carter,L.A,C,Right,60,17,10,27,0.45,-21,182,0.09,16:56,16.93333333,,UFA,"$5,272,727",8.90%,0.089,"$3,000,000",53.52,53.11,48.26,36,20,13,66,35,23
Jean-Sebastien Dea,BUF,C,Right,3,0,0,0,0,0,0,0,7:38,7.633333333,,UFA,"$700,000",0.90%,0.009,"$700,000",43.33,41.67,33.27,0,0,0,3,2,0
Jean-Gabriel Pageau,"NYI, OTT",C,Right,67,26,16,42,0.63,4,151,0.17,19:09,19.15,,UFA,"$3,100,000",4.10%,0.041,"$3,400,000",47.68,49.04,48.64,49,32,33,128,91,53
Jayce Hawryluk,"FLA, OTT",W,Right,26,3,7,10,0.38,1,26,0.12,11:05,11.08333333,,UFANo QO,"$874,125",1.10%,0.011,"$874,125",52.91,51.79,53.78,16,12,11,65,19,9
Jay Beagle,VAN,C,Right,53,2,6,8,0.15,-9,49,0.04,12:33,12.55,M-NTC,UFA,"$3,000,000",3.80%,0.038,"$3,200,000",29.66,32.45,29.66,38,7,14,69,20,42
Jason Zucker,"MIN, PIT",W,Left,60,20,21,41,0.68,-4,111,0.18,16:20,16.33333333,M-NTC,UFA,"$5,500,000",6.90%,0.069,"$6,250,000",53.91,53.76,56.92,21,25,31,53,58,23
Jason Dickinson,DAL,C,Left,66,9,12,21,0.32,7,85,0.11,14:58,14.96666667,,RFA,"$1,500,000",1.80%,0.018,"$1,400,000",40.88,41.06,43.06,6,29,47,89,94,55
Jason Demers,ARI,D,Right,50,0,11,11,0.22,5,53,0,20:29,20.48333333,M-NTC,UFA,"$4,500,000",6.20%,0.062,"$3,600,000",43.31,42.76,44.46,25,32,15,76,58,70
Jarred Tinordi,NSH,D,Left,28,1,4,5,0.18,-1,20,0.05,16:36,16.6,,UFA,"$700,000",0.90%,0.009,"$700,000",39.89,40.77,41.94,34,18,1,71,53,36
Jared Spurgeon,MIN,D,Right,62,12,20,32,0.52,-1,112,0.11,22:34,22.56666667,NMC,UFA,"$5,187,500",7.30%,0.073,"$5,500,000",51.05,50.37,52.58,18,23,10,61,63,102
Jared McCann,PIT,C,Left,66,14,21,35,0.53,6,150,0.09,15:14,15.23333333,,RFA,"$1,250,000",1.60%,0.016,"$1,250,000",52.39,52.81,52.23,17,29,33,89,83,27
Jani Hakanpaa,ANA,D,Right,5,1,0,1,0.2,1,4,0.25,18:07,18.11666667,,UFA,"$850,000",1.00%,0.01,"$850,000",43.57,41.41,37.47,2,1,0,15,8,7
Jan Rutta,T.B,D,Right,33,1,6,7,0.21,6,43,0.02,15:32,15.53333333,,UFA,"$1,300,000",1.60%,0.016,"$1,300,000",48.56,47.14,48.03,14,8,2,19,42,21
Jamie Oleksiak,DAL,D,Left,71,3,7,10,0.14,-6,76,0.04,15:48,15.8,,UFA,"$2,137,500",2.70%,0.027,"$1,962,500",51.26,51.17,54.2,41,46,24,153,80,59
Jamie Benn,DAL,W,Left,68,19,20,39,0.57,-4,163,0.12,16:26,16.43333333,NMC,UFA,"$9,500,000",13.00%,0.13,"$13,000,000",56.55,56.38,61.09,53,56,52,167,73,57
James van Riemsdyk,PHI,W,Left,66,19,21,40,0.61,5,151,0.13,14:54,14.9,,UFA,"$7,000,000",8.80%,0.088,"$8,000,000",57.57,58.1,61.28,8,16,17,25,55,18
James Neal,EDM,W,Left,55,19,12,31,0.56,-20,112,0.17,16:18,16.3,,UFA,"$5,750,000",7.20%,0.072,"$5,750,000",57.19,56.91,56.18,12,29,24,88,48,17
Jakub Vrana,WSH,W,Left,69,25,27,52,0.75,3,187,0.13,14:52,14.86666667,,RFA,"$3,350,000",4.10%,0.041,"$3,700,000",55.72,56.13,58.21,18,42,31,29,40,16
Jakub Voracek,PHI,W,Left,69,12,44,56,0.81,14,132,0.09,17:02,17.03333333,,UFA,"$8,250,000",11.60%,0.116,"$9,250,000",59.88,58.86,60.61,31,30,28,17,61,21
Jakob Silfverberg,ANA,W,Right,66,21,18,39,0.59,0,155,0.14,17:40,17.66666667,M-NTC,UFA,"$5,250,000",6.60%,0.066,"$5,250,000",52,51.47,53.59,14,32,40,28,89,41
Jakob Chychrun,ARI,D,Left,63,12,14,26,0.41,4,149,0.08,22:26,22.43333333,,UFA,"$4,600,000",5.80%,0.058,"$2,600,000",50.9,51.71,50.78,38,52,27,75,130,95
Jake Virtanen,VAN,W,Right,69,18,18,36,0.52,-4,150,0.12,13:05,13.08333333,,RFA,"$1,250,000",1.60%,0.016,"$1,500,000",50.95,52.21,50.93,41,31,37,102,56,28
Jake Muzzin,TOR,D,Left,53,6,17,23,0.43,12,99,0.06,21:35,21.58333333,,UFA,"$4,000,000",5.80%,0.058,"$4,450,000",48.58,49.1,48.35,40,63,24,109,121,110
Jake McCabe,BUF,D,Left,65,3,10,13,0.2,-11,75,0.04,18:31,18.51666667,,UFA,"$2,850,000",3.50%,0.035,"$2,900,000",44.81,45.02,42.01,41,21,19,91,105,90
Jake Guentzel,PIT,W,Left,39,20,23,43,1.1,11,127,0.16,20:37,20.61666667,,UFA,"$6,000,000",7.50%,0.075,"$7,000,000",60.24,61.33,63.06,14,12,21,46,86,19
Jake Gardiner,CAR,D,Left,69,4,20,24,0.35,-24,87,0.05,16:39,16.65,M-NTC,UFA,"$4,050,000",5.00%,0.05,"$3,650,000",59.06,57.5,55.83,30,39,32,43,107,42
Jake Bischoff,VGK,D,Left,2,0,0,0,0,-2,6,0,15:36,15.6,,UFA,"$716,667",0.90%,0.009,"$700,000",45.45,49.45,49.78,4,2,0,8,10,8
Jaden Schwartz,STL,W,Left,71,22,35,57,0.8,3,162,0.14,18:10,18.16666667,M-NTC,UFA,"$5,350,000",7.30%,0.073,"$5,750,000",58.79,58.24,56.43,18,29,50,60,115,28
Jacob Trouba,NYR,D,Right,69,7,20,27,0.39,-12,168,0.04,22:33,22.55,,UFA,"$8,000,000",9.80%,0.098,"$12,000,000",43.48,43.55,42.84,61,69,43,173,94,128
Jack Eichel,BUF,C,Right,68,36,42,78,1.15,5,227,0.16,22:06,22.1,,UFA,"$10,000,000",13.30%,0.133,"$10,000,000",58.09,57.25,55.49,34,66,44,40,73,42
Jaccob Slavin,CAR,D,Left,68,6,30,36,0.53,30,145,0.04,23:24,23.4,,UFA,"$5,300,000",7.10%,0.071,"$5,500,000",52.68,53.24,54.29,10,49,81,43,94,107
J.T. Miller,VAN,C,Left,69,27,45,72,1.04,11,165,0.16,20:06,20.1,,UFA,"$5,250,000",6.60%,0.066,"$6,000,000",59.17,59.7,54.87,47,36,52,123,61,38
J.T. Compher,COL,W,Right,67,11,20,31,0.46,9,106,0.1,16:44,16.73333333,,UFA,"$3,500,000",4.30%,0.043,"$3,400,000",46.37,46.29,46.64,18,21,22,36,79,60
Ivan Provorov,PHI,D,Left,69,13,23,36,0.52,11,150,0.09,24:50:00,24.83333333,,UFA,"$6,750,000",8.30%,0.083,"$6,750,000",52.72,52.52,51.89,24,67,16,84,117,111
Ivan Barbashev,STL,C,Left,68,11,15,26,0.38,4,75,0.15,13:27,13.45,,RFA,"$1,475,000",1.80%,0.018,"$1,400,000",43.95,43.97,41.4,23,31,33,144,58,33
Ilya Lyubushkin,ARI,D,Right,50,0,4,4,0.08,4,41,0,14:11,14.18333333,,RFA,"$874,125",1.10%,0.011,"$874,125",49.05,48.61,55.31,18,20,13,151,84,53
Ian Cole,COL,D,Left,65,4,22,26,0.4,21,92,0.04,17:41,17.68333333,,UFA,"$4,250,000",5.30%,0.053,"$4,750,000",45.52,47,44.81,36,37,18,83,98,122
Haydn Fleury,CAR,D,Left,45,4,10,14,0.31,-2,65,0.06,13:39,13.65,,RFA,"$850,000",1.00%,0.01,"$850,000",51.88,50.73,48.54,8,26,17,48,55,45
Hampus Lindholm,ANA,D,Left,55,2,20,22,0.4,-10,109,0.02,23:04,23.06666667,,UFA,"$5,205,556",7.20%,0.072,"$5,250,000",51.02,50.77,47.97,34,53,20,34,68,71
Gustav Olofsson,MTL,D,Left,3,0,0,0,0,-4,2,0,8:06,8.1,,UFAGroup 6,"$700,000",0.90%,0.009,"$700,000",31.48,32.43,23.61,2,1,0,1,3,6
Gustav Nyquist,CBJ,C,Left,70,15,27,42,0.6,4,151,0.1,18:01,18.01666667,,UFA,"$5,500,000",6.70%,0.067,"$6,000,000",52,53.27,59.84,16,41,27,37,57,26
Greg Pateryn,MIN,D,Right,20,0,3,3,0.15,1,22,0,15:28,15.46666667,,UFA,"$2,250,000",2.80%,0.028,"$2,250,000",40.23,41.61,38.37,6,6,3,25,27,30
Greg McKegg,NYR,C,Left,53,5,4,9,0.17,-2,40,0.13,9:33,9.55,,UFA,"$750,000",0.90%,0.009,"$750,000",37.58,39.04,39.1,17,13,14,69,50,24
Garnet Hathaway,WSH,W,Right,67,9,7,16,0.24,6,80,0.11,10:46,10.76666667,,UFA,"$1,500,000",1.80%,0.018,"$2,000,000",50.24,52.01,53.9,79,16,21,189,93,46
Gabriel Landeskog,COL,W,Left,54,21,23,44,0.81,-2,145,0.14,20:01,20.01666667,M-NTC,UFA,"$5,571,429",8.70%,0.087,"$6,000,000",58.84,59.23,64.11,47,25,39,86,93,35
Gabriel Dumont,MIN,C,Right,3,0,0,0,0,-1,3,0,11:30,11.5,,UFA,"$700,000",0.90%,0.009,"$700,000",59.26,62.86,56.65,0,0,1,9,3,2
Gabriel Bourque,WPG,W,Left,50,2,4,6,0.12,-1,33,0.06,8:36,8.6,,UFA,"$700,000",0.90%,0.009,"$700,000",40.6,40.89,36.82,7,14,5,125,65,40
Fredrik Claesson,N.J,D,Left,5,1,1,2,0.4,1,1,1,14:29,14.48333333,,UFA,"$700,000",0.90%,0.009,"$700,000",42.11,43.27,53.21,0,1,1,5,5,7
Frans Nielsen,DET,C,Left,60,4,5,9,0.15,-13,86,0.05,13:41,13.68333333,M-NTC,UFA,"$5,250,000",7.20%,0.072,"$5,500,000",41.31,41.38,36.8,8,15,11,44,74,35
Frank Vatrano,FLA,C,Left,69,16,18,34,0.49,-8,162,0.1,15:01,15.01666667,,UFA,"$2,533,333",3.20%,0.032,"$2,500,000",49.9,49.93,49.09,30,18,32,102,69,43
Filip Forsberg,NSH,W,Right,63,21,27,48,0.76,-7,198,0.11,17:21,17.35,,UFA,"$6,000,000",8.20%,0.082,"$6,000,000",59.1,58.32,59.76,29,45,58,82,69,27
Evgeny Kuznetsov,WSH,C,Left,63,19,33,52,0.83,-2,129,0.15,17:50,17.83333333,M-NTC,UFA,"$7,800,000",10.40%,0.104,"$8,400,000",53.5,52.77,54.35,40,45,22,35,28,16
Evgeni Malkin,PIT,C,Left,55,25,49,74,1.35,7,171,0.15,19:31,19.51666667,NMC,UFA,"$9,500,000",14.80%,0.148,"$9,500,000",59.97,60.59,65.02,58,69,70,38,88,22
Evgeni Dadonov,FLA,W,Left,69,25,22,47,0.68,-7,167,0.15,17:06,17.1,"M-NTC, NMC",UFA,"$4,000,000",5.30%,0.053,"$3,600,000",60.3,58.82,58.29,10,40,29,29,103,24
Evander Kane,S.J,W,Left,64,26,21,47,0.73,-12,216,0.12,19:32,19.53333333,M-NTC,UFA,"$7,000,000",9.30%,0.093,"$8,000,000",55.28,55.45,54.57,122,51,45,135,110,25
Evan Rodrigues,"BUF, PIT",W,Right,45,6,4,10,0.22,-8,75,0.08,11:16,11.26666667,,UFANo QO,"$2,000,000",2.50%,0.025,"$2,000,000",49.94,48.99,46.15,14,13,14,24,47,15
Esa Lindell,DAL,D,Left,70,3,20,23,0.33,5,98,0.03,23:24,23.4,,UFA,"$5,800,000",7.30%,0.073,"$7,000,000",41.97,41.63,45.47,12,62,31,89,100,127
Erik Karlsson,S.J,D,Right,56,6,34,40,0.71,-15,120,0.05,24:31:00,24.51666667,NMC,UFA,"$11,500,000",14.50%,0.145,"$14,500,000",53.4,52.65,51.3,16,68,52,26,57,74
Erik Johnson,COL,D,Right,59,3,13,16,0.27,9,99,0.03,21:02,21.03333333,"M-NTC, NMC",UFA,"$6,000,000",8.20%,0.082,"$6,000,000",44.58,43.87,43.28,20,27,32,97,72,115
Erik Haula,"CAR, FLA",W,Left,48,12,12,24,0.5,1,92,0.13,15:49,15.81666667,,UFA,"$2,750,000",3.70%,0.037,"$2,750,000",54.35,54.25,53.32,22,29,21,27,67,15
Erik Gustafsson,"CGY, CHI",D,Left,66,6,23,29,0.44,-9,103,0.06,20:22,20.36666667,,UFA,"$1,200,000",1.60%,0.016,"$1,400,000",54.03,52.91,50.57,27,58,21,86,105,58
Erik Gudbranson,"ANA, PIT",D,Right,50,4,5,9,0.18,0,78,0.05,19:22,19.36666667,,UFA,"$4,000,000",5.30%,0.053,"$4,500,000",46.51,46.39,44.77,95,33,0,89,86,58
Eric Staal,MIN,C,Left,66,19,28,47,0.71,-9,113,0.17,17:08,17.13333333,M-NTC,UFA,"$3,250,000",4.10%,0.041,"$3,500,000",54.49,53.6,56.81,28,46,25,24,43,22
Eric Robinson,CBJ,W,Left,50,7,5,12,0.24,10,69,0.1,10:57,10.95,,RFA,"$874,125",1.10%,0.011,"$874,125",50.73,52.02,53.15,12,11,13,79,65,15
Elias Lindholm,CGY,C,Right,70,29,25,54,0.77,-8,169,0.17,19:43,19.71666667,,UFA,"$4,850,000",6.10%,0.061,"$5,850,000",51.67,51.36,50.48,22,33,38,93,41,41
Dylan Sikura,CHI,W,Left,9,1,2,3,0.33,1,10,0.1,9:53,9.883333333,,RFA,"$750,000",0.90%,0.009,"$700,000",46.93,46.9,40.96,0,0,2,0,7,2
Dylan McIlrath,DET,D,Right,16,0,0,0,0,-4,14,0,14:49,14.81666667,,UFA,"$700,000",0.90%,0.009,"$700,000",38.08,35.76,27.97,23,8,4,48,21,12
Dylan Larkin,DET,C,Left,71,19,34,53,0.75,-21,223,0.09,21:14,21.23333333,,UFA,"$6,100,000",7.70%,0.077,"$7,000,000",53.8,53.15,51.42,39,81,43,52,60,45
Dylan DeMelo,"OTT, WPG",D,Right,59,0,10,10,0.17,4,74,0,20:08,20.13333333,,UFA,"$900,000",1.10%,0.011,"$900,000",48.85,49.71,47.68,37,42,9,105,116,77
Dustin Brown,L.A,W,Right,66,17,18,35,0.53,-1,169,0.1,18:24,18.4,M-NTC,UFA,"$5,875,000",9.10%,0.091,"$5,500,000",54.61,54.15,52.33,22,35,28,143,88,15
Duncan Keith,CHI,D,Left,61,3,24,27,0.44,1,111,0.03,24:23:00,24.38333333,NMC,UFA,"$5,538,462",9.80%,0.098,"$3,500,000",47.78,46.88,46.09,18,74,42,26,64,117
Dryden Hunt,FLA,W,Left,21,0,4,4,0.19,0,33,0,10:29,10.48333333,,UFANo QO,"$715,000",0.90%,0.009,"$715,000",49.87,52.54,52.99,24,4,4,37,24,7
Drew Doughty,L.A,D,Right,67,7,28,35,0.52,-16,141,0.05,25:49:00,25.81666667,NMC,UFA,"$11,000,000",13.80%,0.138,"$12,000,000",51.64,50.8,49.93,36,82,15,106,97,87
Drake Caggiula,CHI,C,Left,39,9,6,15,0.38,-3,56,0.16,11:48,11.8,,UFANo QO,"$1,500,000",2.00%,0.02,"$1,500,000",47.27,46.89,46.95,32,5,19,81,41,16
Dougie Hamilton,CAR,D,Right,47,14,26,40,0.85,30,170,0.08,23:17,23.28333333,,UFA,"$5,750,000",8.10%,0.081,"$6,000,000",59.89,60.21,63.05,32,40,22,52,27,63
Dominik Simon,PIT,C,Left,65,7,15,22,0.34,-9,102,0.07,14:24,14.4,,UFANo QO,"$750,000",0.90%,0.009,"$750,000",52.79,52.53,50.62,12,31,41,57,71,20
Dominic Toninato,FLA,C,Left,46,4,7,11,0.24,4,38,0.11,11:08,11.13333333,,UFANo QO,"$775,000",1.00%,0.01,"$775,000",43.38,44.03,41.55,37,13,17,57,53,28
Dmitry Orlov,WSH,D,Left,69,4,23,27,0.39,5,105,0.04,22:10,22.16666667,M-NTC,UFA,"$5,100,000",6.80%,0.068,"$6,500,000",53.66,53.46,57.21,36,65,49,106,57,82
Dmitry Kulikov,WPG,D,Left,50,2,8,10,0.2,-4,54,0.04,20:01,20.01666667,M-NTC,UFA,"$4,333,333",5.80%,0.058,"$4,333,333",47.96,46.78,42.58,32,55,16,104,99,77
Devin Shore,"ANA, CBJ",C,Left,44,5,7,12,0.27,-10,50,0.1,11:38,11.63333333,,UFANo QO,"$2,300,000",2.90%,0.029,"$2,400,000",47.52,47.6,46.02,8,8,12,52,47,14
Derrick Pouliot,STL,D,Left,2,0,0,0,0,-1,1,0,8:20,8.333333333,,UFANo QO,"$700,000",0.90%,0.009,"$700,000",66.67,61.54,62.81,2,1,0,2,3,1
Derick Brassard,NYI,C,Left,67,10,22,32,0.48,-2,110,0.09,13:41,13.68333333,,UFA,"$1,200,000",1.50%,0.015,"$1,200,000",50.36,50.68,52.62,16,40,26,115,64,24
Derek Stepan,ARI,C,Right,70,10,18,28,0.4,-4,158,0.06,17:38,17.63333333,,UFA,"$6,500,000",9.10%,0.091,"$5,000,000",48.03,47.81,48.07,16,28,38,43,66,54
Derek Ryan,CGY,C,Right,67,10,19,29,0.43,9,102,0.1,14:32,14.53333333,,UFA,"$3,125,000",3.90%,0.039,"$3,125,000",46.91,47.11,47.52,10,26,34,12,51,34
Derek Grant,"ANA, PHI",C,Left,56,15,10,25,0.45,1,94,0.16,13:54,13.9,,UFA,"$700,000",0.90%,0.009,"$700,000",39.28,40.09,41.91,30,11,20,54,53,25
Derek Forbort,"CGY, L.A",D,Left,20,0,1,1,0.05,-5,22,0,17:49,17.81666667,,UFA,"$2,525,000",3.40%,0.034,"$2,800,000",45.09,45.65,42.62,4,16,2,35,33,30
Denis Malgin,"FLA, TOR",C,Right,44,4,8,12,0.27,-9,50,0.08,11:59,11.98333333,,RFA,"$750,000",0.90%,0.009,"$750,000",54.9,54.08,52.9,14,17,26,35,39,16
Dean Kukan,CBJ,D,Left,33,1,4,5,0.15,-9,51,0.02,15:58,15.96666667,,RFA,"$725,000",1.00%,0.01,"$750,000",52.7,54.14,54.88,12,14,7,24,43,28
David Savard,CBJ,D,Right,69,0,11,11,0.16,-3,97,0,20:41,20.68333333,,UFA,"$4,250,000",6.00%,0.06,"$5,000,000",43.62,46.43,47.16,35,43,18,129,101,163
David Perron,STL,W,Right,71,25,35,60,0.85,2,166,0.15,18:19,18.31666667,M-NTC,UFA,"$4,000,000",5.00%,0.05,"$4,750,000",59.56,58.64,56.48,52,35,39,67,65,19
David Pastrnak,BOS,W,Right,70,48,47,95,1.36,21,279,0.17,18:57,18.95,,UFA,"$6,666,667",8.90%,0.089,"$6,800,000",61.16,60.59,63.05,40,88,49,47,113,22
David Krejci,BOS,C,Right,61,13,30,43,0.7,14,83,0.16,17:10,17.16666667,M-NTC,UFA,"$7,250,000",10.50%,0.105,"$7,000,000",53.8,53.32,53,23,37,31,37,86,32
David Kampf,CHI,C,Left,70,8,8,16,0.23,-11,90,0.09,13:40,13.66666667,,RFA,"$1,000,000",1.20%,0.012,"$1,000,000",41.07,41.6,40.1,8,17,37,52,118,26
David Backes,"ANA, BOS",W,Right,22,1,5,6,0.27,-1,34,0.03,9:23,9.383333333,M-NTC,UFA,"$6,000,000",8.20%,0.082,"$4,000,000",51.56,53.24,56.27,22,9,5,38,20,8
Darren Helm,DET,W,Left,67,9,7,16,0.24,-6,102,0.09,13:44,13.73333333,,UFA,"$3,850,000",5.30%,0.053,"$3,000,000",44.78,45.28,41.73,37,30,24,88,65,26
Darnell Nurse,EDM,D,Left,72,5,28,33,0.46,-2,170,0.03,23:27,23.45,,RFA,"$3,200,000",4.00%,0.04,"$3,200,000",45.81,45.51,46.43,48,54,26,172,73,141
Danton Heinen,"ANA, BOS",W,Left,67,10,16,26,0.39,-2,109,0.09,14:28,14.46666667,,RFA,"$2,800,000",3.40%,0.034,"$2,825,000",52.95,52.54,55.79,10,30,19,35,66,34
Danny DeKeyser,DET,D,Left,8,0,4,4,0.5,0,12,0,22:03,22.05,NTC,UFA,"$5,000,000",6.80%,0.068,"$5,500,000",35.24,35.96,33.41,4,8,0,6,14,18
Daniel Sprong,ANA,W,Right,8,1,1,2,0.25,-2,17,0.06,14:06,14.1,,RFA,"$750,000",0.90%,0.009,"$750,000",59.19,61.02,62.41,0,0,1,4,6,3
Daniel Carr,NSH,W,Left,11,1,0,1,0.09,-5,14,0.07,10:20,10.33333333,,UFA,"$700,000",0.90%,0.009,"$700,000",44.55,44.94,40.74,4,1,8,10,15,2
Damon Severson,N.J,D,Right,69,8,23,31,0.45,-20,114,0.07,22:57,22.95,,UFA,"$4,166,666",5.60%,0.056,"$4,675,000",48.29,48.89,50.98,52,73,35,81,55,97
Dalton Prout,S.J,D,Right,2,0,0,0,0,0,2,0,12:48,12.8,,UFA,"$800,000",1.00%,0.01,"$800,000",44.74,43.33,32.28,7,0,2,3,3,3
Dale Weise,MTL,W,Right,23,1,4,5,0.22,1,15,0.07,9:16,9.266666667,,UFA,"$2,350,000",3.20%,0.032,"$1,750,000",45.31,44.91,41.46,16,12,8,70,25,10
Craig Smith,NSH,W,Right,69,18,13,31,0.45,18,184,0.1,13:25,13.41666667,,UFA,"$4,250,000",6.00%,0.06,"$4,750,000",60.61,61.29,63.99,34,26,26,60,63,19
Cory Conacher,T.B,C,Left,4,0,1,1,0.25,-2,5,0,11:05,11.08333333,,UFA,"$700,000",0.90%,0.009,"$700,000",56.67,57.97,55.35,4,1,5,3,3,1
Corey Perry,DAL,W,Right,57,5,16,21,0.37,-2,77,0.06,13:43,13.71666667,NMC,UFA,"$8,625,000",1.80%,0.018,"$8,000,000",54.8,54.55,61.34,70,26,17,60,46,33
Corey Perry,DAL,W,Right,57,5,16,21,0.37,-2,77,0.06,13:43,13.71666667,NTC,UFA,"$1,500,000",1.80%,0.018,"$1,500,000",54.8,54.55,61.34,70,26,17,60,46,33
Conor Sheary,"BUF, PIT",W,Left,62,10,13,23,0.37,-5,102,0.1,13:06,13.1,,UFA,"$3,000,000",4.00%,0.04,"$3,000,000",52.95,51.65,52.32,10,18,19,28,54,26
Conor Garland,ARI,W,Right,68,22,17,39,0.57,1,158,0.14,14:09,14.15,,RFA,"$775,000",1.00%,0.01,"$750,000",54.88,55.14,55.99,20,27,30,26,94,20
Connor Murphy,CHI,D,Right,58,5,14,19,0.33,2,117,0.04,21:15,21.25,,UFA,"$3,850,000",5.30%,0.053,"$4,400,000",44.65,44.83,43.34,27,44,17,128,156,138
Connor McDavid,EDM,C,Left,64,34,63,97,1.52,-6,212,0.16,21:51,21.85,,UFA,"$12,500,000",16.70%,0.167,"$15,000,000",55.42,55.24,57.69,28,75,53,37,57,18
Connor Carrick,N.J,D,Right,29,1,5,6,0.21,-6,25,0.04,14:24,14.4,,UFA,"$1,500,000",1.80%,0.018,"$1,500,000",39.69,39.41,40.27,17,12,5,27,52,39
Connor Brown,OTT,W,Right,70,16,27,43,0.61,-6,173,0.09,20:06,20.1,,RFA,"$2,100,000",2.80%,0.028,"$2,100,000",46.98,47.52,49.21,24,40,52,39,65,35
Colton Sissons,NSH,C,Right,58,9,6,15,0.26,-2,52,0.17,14:19,14.31666667,,UFA,"$2,857,143",3.50%,0.035,"$3,450,000",39.77,42.32,41.8,20,25,14,84,39,41
Colton Sceviour,FLA,C,Right,70,6,10,16,0.23,2,114,0.05,13:14,13.23333333,,UFA,"$1,200,000",1.60%,0.016,"$1,200,000",38.54,41.08,37.16,6,35,26,91,80,72
Colton Parayko,STL,D,Right,64,10,18,28,0.44,8,162,0.06,23:00,23,,UFA,"$5,500,000",7.30%,0.073,"$5,525,000",47.57,47.98,47.34,16,41,33,87,109,106
Colin Wilson,COL,C,Left,9,0,4,4,0.44,6,12,0,12:38,12.63333333,,UFA,"$2,600,000",3.20%,0.032,"$2,600,000",56.34,54.25,61.09,0,3,1,8,11,2
Colin White,OTT,C,Right,61,7,16,23,0.38,-12,83,0.08,15:42,15.7,,UFA,"$4,750,000",5.80%,0.058,"$4,000,000",53.59,52.62,55.03,39,29,23,47,100,30
Colin Miller,BUF,D,Right,50,1,10,11,0.22,-9,79,0.01,17:08,17.13333333,,UFA,"$3,875,000",4.90%,0.049,"$3,875,000",50.9,49.44,49.36,22,29,9,87,43,40
Cole Bardreau,NYI,C,Right,10,1,1,2,0.2,-2,10,0.1,8:52,8.866666667,,UFA,"$700,000",0.90%,0.009,"$700,000",37.33,40.18,41.88,6,4,4,21,7,1
Cody Goloubef,"DET, OTT",D,Right,25,1,1,2,0.08,-3,18,0.06,15:11,15.18333333,,UFA,"$800,000",1.00%,0.01,"$800,000",41.79,42.13,41.84,8,21,3,45,21,24
Cody Eakin,"VGK, WPG",C,Left,48,5,10,15,0.31,-3,61,0.08,14:34,14.56666667,,UFA,"$3,850,000",5.40%,0.054,"$3,850,000",45.1,45.16,40.81,16,21,23,49,60,16
Cody Ceci,TOR,D,Right,57,1,7,8,0.14,7,48,0.02,20:32,20.53333333,,UFA,"$4,500,000",5.50%,0.055,"$4,500,000",43.82,43.04,45.4,20,30,13,92,128,79
Claude Giroux,PHI,C,Right,69,21,32,53,0.77,7,197,0.11,18:59,18.98333333,NMC,UFA,"$8,275,000",12.90%,0.129,"$8,000,000",59.64,59.09,59.63,28,35,37,45,39,16
Clark Bishop,CAR,C,Left,5,0,1,1,0.2,-2,4,0,7:39,7.65,,RFA,"$700,000",0.90%,0.009,"$700,000",56.36,60.98,47.72,4,1,1,5,4,0
Christopher Tanev,VAN,D,Right,69,2,18,20,0.29,4,45,0.04,19:31,19.51666667,M-NTC,UFA,"$4,450,000",6.40%,0.064,"$5,250,000",38.53,39.94,39.26,41,45,20,32,140,159
Christian Wolanin,OTT,D,Left,3,0,0,0,0,1,4,0,17:41,17.68333333,,RFA,"$900,000",1.10%,0.011,"$800,000",54.92,56.52,44.76,0,2,0,0,3,4
Christian Folin,MTL,D,Right,15,1,1,2,0.13,-1,13,0.08,14:26,14.43333333,,UFA,"$800,000",1.00%,0.01,"$800,000",53.05,49.64,48.24,13,8,1,38,40,21
Christian Dvorak,ARI,W,Left,70,18,20,38,0.54,6,134,0.13,16:41,16.68333333,,UFA,"$4,450,000",5.60%,0.056,"$3,250,000",55.56,54.93,58.61,12,23,20,39,100,36
Christian Djoos,"ANA, WSH",D,Left,11,1,2,3,0.27,3,13,0.08,19:06,19.1,,RFA,"$1,250,000",1.50%,0.015,"$1,250,000",53.76,53.51,56.48,0,6,2,2,11,12
Chris Wagner,BOS,W,Right,67,6,4,10,0.15,-8,78,0.08,12:26,12.43333333,,UFA,"$1,250,000",1.60%,0.016,"$1,250,000",41.03,41.95,38.99,47,21,16,192,96,31
Chris Tierney,OTT,C,Left,71,11,26,37,0.52,-6,102,0.11,17:11,17.18333333,,RFA,"$2,937,500",3.70%,0.037,"$2,975,000",44.9,44.53,43.93,20,42,32,44,41,37
Chris Stewart,PHI,W,Right,17,0,1,1,0.06,-7,5,0,7:46,7.766666667,,UFA,"$753,757",0.90%,0.009,"$750,000",33.85,33.79,27.78,21,1,3,35,6,4
Chris Kreider,NYR,W,Left,63,24,21,45,0.71,13,156,0.15,17:14,17.23333333,M-NTC,UFA,"$4,625,000",6.30%,0.063,"$4,000,000",57.01,56.1,55.27,58,61,22,116,45,42
Chase De Leo,ANA,C,Left,1,0,0,0,0,0,1,0,14:59,14.98333333,,UFANo QO,"$750,000",0.90%,0.009,"$750,000",22.22,27.27,11.3,0,0,0,1,1,0
Charlie McAvoy,BOS,D,Right,67,5,27,32,0.48,24,101,0.05,23:09,23.15,,RFA,"$4,900,000",6.00%,0.06,"$3,700,000",50.81,51.47,53,41,68,37,131,177,131
Charlie Coyle,BOS,C,Right,70,16,21,37,0.53,9,145,0.11,16:47,16.78333333,,UFA,"$3,200,000",4.60%,0.046,"$4,250,000",53.88,53.9,57.34,21,33,48,83,79,34
Charles Hudon,MTL,W,Left,15,1,1,2,0.13,-9,22,0.05,11:32,11.53333333,,RFA,"$800,000",1.00%,0.01,"$800,000",55.59,53.42,49.87,0,2,5,25,18,2
Chandler Stephenson,"VGK, WSH",C,Left,65,11,15,26,0.4,24,73,0.15,14:19,14.31666667,,RFA,"$1,050,000",1.30%,0.013,"$1,050,000",53.08,54.49,54.11,16,22,37,52,73,32
Chad Ruhwedel,PIT,D,Right,40,2,4,6,0.15,4,44,0.05,14:46,14.76666667,,UFA,"$700,000",0.90%,0.009,"$700,000",46.78,47.38,46.96,12,17,7,74,54,25
Cedric Paquette,T.B,C,Left,60,7,11,18,0.3,-1,78,0.09,13:03,13.05,,UFA,"$1,650,000",2.00%,0.02,"$1,650,000",43.57,43.48,42.03,42,9,17,175,55,49
Casey Cizikas,NYI,C,Left,48,10,4,14,0.29,12,67,0.15,14:17,14.28333333,,UFA,"$3,350,000",4.60%,0.046,"$3,750,000",39.38,40.93,43.66,41,28,38,133,75,39
Carter Rowney,ANA,C,Right,70,8,11,19,0.27,5,63,0.13,12:49,12.81666667,,UFA,"$1,133,333",1.40%,0.014,"$1,000,000",37.26,38.09,36.25,14,26,24,189,66,42
Carson Soucy,MIN,D,Left,56,7,7,14,0.25,16,61,0.11,15:37,15.61666667,,UFAGroup 6,"$750,000",0.90%,0.009,"$750,000",44.62,45.58,46.89,18,16,17,69,59,50
Carl Soderberg,ARI,C,Left,70,17,18,35,0.5,6,135,0.13,15:53,15.88333333,M-NTC,UFA,"$4,750,000",6.50%,0.065,"$4,000,000",49.15,49.36,51.23,18,24,28,77,68,41
Carl Hagelin,WSH,W,Left,58,8,17,25,0.43,12,107,0.07,14:19,14.31666667,,UFA,"$2,750,000",3.50%,0.035,"$3,500,000",46.2,46.96,42.19,16,24,24,24,43,19
Carl Gunnarsson,STL,D,Left,37,2,5,7,0.19,8,31,0.06,15:46,15.76666667,M-NTC,UFA,"$1,750,000",2.10%,0.021,"$1,750,000",42.49,42.8,39.96,16,14,3,27,49,51
Carl Dahlstrom,WPG,D,Left,14,0,1,1,0.07,-4,9,0,14:45,14.75,,RFA,"$850,000",1.10%,0.011,"$800,000",48.96,48.46,45.7,6,14,4,5,16,13
Cameron Gaunce,T.B,D,Left,3,1,3,4,1.33,2,5,0.2,11:52,11.86666667,,UFA,"$700,000",0.90%,0.009,"$700,000",51.79,54.55,62.09,4,0,0,5,4,2
Cam Fowler,ANA,D,Left,59,9,20,29,0.49,0,117,0.08,21:59,21.98333333,M-NTC,UFA,"$6,500,000",8.70%,0.087,"$7,500,000",55.05,54.49,55.14,20,31,21,25,61,58
Cam Atkinson,CBJ,W,Right,44,12,14,26,0.59,2,148,0.08,17:50,17.83333333,NTC,UFA,"$5,875,000",7.80%,0.078,"$7,375,000",51.42,52.59,54.18,6,21,26,18,18,21
Calle Rosen,"COL, TOR",D,Left,12,0,3,3,0.25,0,14,0,13:34,13.56666667,,UFA,"$750,000",0.90%,0.009,"$750,000",50.31,49.39,47.12,4,8,2,3,8,7
Calle Jarnkrok,NSH,C,Right,64,15,19,34,0.53,4,136,0.11,15:56,15.93333333,,UFA,"$2,000,000",2.70%,0.027,"$2,200,000",52.37,52.54,51.76,14,11,19,28,68,27
Cal Clutterbuck,NYI,W,Right,37,3,4,7,0.19,6,35,0.09,13:25,13.41666667,,UFA,"$3,500,000",4.80%,0.048,"$3,500,000",35.72,38.16,38.18,22,21,12,127,58,38
Buddy Robinson,CGY,W,Right,5,1,0,1,0.2,0,6,0.17,12:14,12.23333333,,UFA,"$700,000",0.90%,0.009,"$700,000",47.22,51.32,54.96,7,1,2,14,8,5
Bryan Rust,PIT,W,Right,55,27,29,56,1.02,14,151,0.18,19:45,19.75,,UFA,"$3,500,000",4.40%,0.044,"$3,500,000",53.89,54.45,58.87,30,37,29,71,87,35
Bryan Little,WPG,C,Right,7,2,3,5,0.71,4,13,0.15,16:09,16.15,NMC,UFA,"$5,291,667",7.10%,0.071,"$6,500,000",56.9,54.29,46.66,2,2,2,3,3,3
Brock Nelson,NYI,C,Left,68,26,28,54,0.79,6,175,0.15,18:51,18.85,NTC,UFA,"$6,000,000",7.50%,0.075,"$8,000,000",47.29,47.39,50.81,32,52,26,49,89,44
Brock McGinn,CAR,W,Left,68,7,10,17,0.25,-4,93,0.08,13:12,13.2,,UFA,"$2,100,000",2.60%,0.026,"$1,900,000",45.55,45.32,41.28,17,10,19,80,81,28
Brock Boeser,VAN,W,Right,57,16,29,45,0.79,4,169,0.09,18:34,18.56666667,,RFA,"$5,875,000",7.20%,0.072,"$4,000,000",61.46,61.92,59.11,14,22,20,28,41,14
Brian Gibbons,CAR,C,Left,15,0,0,0,0,-7,9,0,9:45,9.75,,UFA,"$725,000",0.90%,0.009,"$725,000",42.59,42.65,36.27,4,7,8,7,15,9
Brian Dumoulin,PIT,D,Left,28,1,7,8,0.29,17,35,0.03,21:03,21.05,,UFA,"$4,100,000",5.50%,0.055,"$4,100,000",53.7,54.68,53.02,10,13,13,44,78,35
Brian Boyle,FLA,C,Left,39,6,9,15,0.38,-5,56,0.11,12:22,12.36666667,,UFA,"$940,000",1.20%,0.012,"$940,000",44.11,44.91,43.83,17,13,16,65,21,34
Brett Ritchie,BOS,W,Right,27,2,4,6,0.22,-3,34,0.06,10:24,10.4,,UFANo QO,"$1,000,000",1.20%,0.012,"$1,000,000",52.78,51.23,45.43,21,4,3,89,39,3
Brett Pesce,CAR,D,Right,60,4,14,18,0.3,7,104,0.04,21:52,21.86666667,,UFA,"$4,025,000",5.40%,0.054,"$4,025,000",47.16,46.08,43.27,27,39,42,22,80,91
Brett Kulak,MTL,D,Left,54,0,7,7,0.13,-1,101,0,17:08,17.13333333,,UFA,"$1,850,000",2.30%,0.023,"$1,950,000",56.34,55.58,56.5,12,36,13,59,106,50
Brett Connolly,FLA,W,Right,69,19,14,33,0.48,-3,117,0.16,14:29,14.48333333,,UFA,"$3,500,000",4.30%,0.043,"$3,500,000",54.43,55.09,51.7,26,22,28,56,72,17
Brent Seabrook,CHI,D,Right,31,3,1,4,0.13,1,40,0.08,18:08,18.13333333,NMC,UFA,"$6,875,000",9.60%,0.096,"$7,500,000",43.49,43.04,41.24,8,27,3,52,44,61
Brent Burns,S.J,D,Right,70,12,33,45,0.64,-22,225,0.05,25:24:00,25.4,M-NTC,UFA,"$8,000,000",11.00%,0.11,"$10,000,000",51.05,50.18,49.33,34,76,49,72,39,115
Brenden Dillon,"S.J, WSH",D,Left,70,1,13,14,0.2,-2,58,0.02,19:27,19.45,,UFA,"$3,270,000",4.60%,0.046,"$3,900,000",47.27,46.67,45.03,104,26,16,194,99,74
Brendan Smith,NYR,D,Left,62,3,5,8,0.13,-12,45,0.07,11:06,11.1,M-NTC,UFA,"$4,350,000",5.80%,0.058,"$4,525,000",37.4,38.53,32.38,71,24,18,90,68,41
Brendan Perlini,"CHI, DET",W,Left,40,1,3,4,0.1,-18,48,0.02,10:42,10.7,,UFANo QO,"$874,125",1.10%,0.011,"$874,125",45.16,43.71,41.45,10,8,7,22,30,10
Brendan Lemieux,NYR,W,Left,58,6,12,18,0.31,-14,86,0.07,12:52,12.86666667,,RFA,"$925,000",1.10%,0.011,"$925,000",43.77,46.2,46.71,111,30,15,164,83,52
Brendan Gallagher,MTL,W,Right,59,22,21,43,0.73,9,226,0.1,16:54,16.9,,UFA,"$3,750,000",5.40%,0.054,"$4,000,000",62.81,62.56,62.14,29,18,39,53,69,29
Braydon Coburn,T.B,D,Left,40,1,3,4,0.1,5,44,0.02,14:03,14.05,NTC,UFA,"$1,700,000",2.10%,0.021,"$1,800,000",48.9,47.16,47.02,16,5,3,59,51,28
Brayden Schenn,STL,C,Left,71,25,33,58,0.82,3,138,0.18,18:27,18.45,,UFA,"$5,125,000",7.00%,0.07,"$4,500,000",56.9,56.47,55.27,44,39,26,119,72,21
Brayden Point,T.B,C,Right,66,25,39,64,0.97,28,141,0.18,18:54,18.9,,RFA,"$6,750,000",8.30%,0.083,"$5,250,000",59.88,59.8,60.79,11,19,30,24,90,30
Brayden McNabb,VGK,D,Left,69,2,7,9,0.13,1,73,0.03,20:00,20,,UFA,"$2,500,000",3.30%,0.033,"$2,500,000",45.63,46.63,44.75,40,32,32,201,96,133
Brandon Tanev,PIT,W,Left,68,11,14,25,0.37,-1,95,0.12,14:45,14.75,M-NTC,UFA,"$3,500,000",4.30%,0.043,"$3,500,000",44.9,44.72,43.06,16,37,33,244,171,65
Brandon Sutter,VAN,C,Right,44,8,9,17,0.39,1,76,0.11,14:50,14.83333333,M-NTC,UFA,"$4,375,000",6.00%,0.06,"$4,500,000",41.3,42.27,38.7,25,9,15,18,26,15
Brandon Saad,CHI,W,Left,58,21,12,33,0.57,2,140,0.15,16:44,16.73333333,,UFA,"$6,000,000",8.20%,0.082,"$6,750,000",49.56,48.87,48.36,16,25,40,36,57,19
Brandon Pirri,VGK,C,Left,15,0,2,2,0.13,-4,24,0,12:33,12.55,,UFA,"$775,000",1.00%,0.01,"$775,000",55.76,54.74,65.13,8,4,8,16,19,5
Brandon Montour,BUF,D,Right,55,5,13,18,0.33,13,86,0.06,19:29,19.48333333,,RFA,"$3,387,500",4.30%,0.043,"$3,525,000",46.58,46.15,44.27,28,27,12,60,68,53
Brandon Manning,EDM,D,Left,9,1,0,1,0.11,-1,8,0.13,11:02,11.03333333,,UFA,"$2,250,000",2.80%,0.028,"$2,000,000",50.66,54.87,52.64,17,8,1,10,8,6
Brandon Carlo,BOS,D,Right,68,4,15,19,0.28,16,111,0.04,20:28,20.46666667,,RFA,"$2,850,000",3.50%,0.035,"$2,200,000",45.13,44.69,42.91,33,32,31,126,150,76
Brady Skjei,"CAR, NYR",D,Left,67,8,16,24,0.36,-10,139,0.06,20:41,20.68333333,,UFA,"$5,250,000",6.60%,0.066,"$5,400,000",42.27,42.07,39.5,45,55,36,103,98,96
Brad Richardson,ARI,W,Left,58,6,5,11,0.19,1,76,0.08,13:38,13.63333333,M-NTC,UFA,"$1,250,000",1.60%,0.016,"$1,400,000",37.92,37.97,37.19,20,18,12,77,51,44
Brad Marchand,BOS,W,Left,70,28,59,87,1.24,25,185,0.15,19:27,19.45,NMC,UFA,"$6,125,000",8.40%,0.084,"$7,500,000",59.58,59.65,60.9,82,71,43,55,95,19
Brad Hunt,MIN,D,Left,59,8,11,19,0.32,-7,106,0.08,15:08,15.13333333,,UFA,"$700,000",0.90%,0.009,"$700,000",54.89,55.5,57.71,6,14,15,12,32,39
Boone Jenner,CBJ,C,Left,71,11,13,24,0.34,-14,179,0.06,18:06,18.1,,UFA,"$3,750,000",4.70%,0.047,"$4,000,000",47.14,48.92,49.42,36,28,24,109,65,80
Bo Horvat,VAN,C,Left,69,22,31,53,0.77,-15,178,0.12,19:43,19.71666667,,UFA,"$5,500,000",7.30%,0.073,"$5,775,000",55.95,56.03,53.71,21,27,28,55,56,66
Blake Wheeler,WPG,W,Right,71,22,43,65,0.92,1,180,0.12,19:19,19.31666667,NMC,UFA,"$8,250,000",10.40%,0.104,"$10,000,000",57.76,57.85,57.24,37,46,37,102,59,51
Blake Comeau,DAL,W,Right,55,8,8,16,0.29,-6,74,0.11,14:56,14.93333333,,UFA,"$2,400,000",3.00%,0.03,"$2,600,000",42.97,41.9,40.56,36,27,21,107,41,24
Blake Coleman,"N.J, T.B",C,Left,67,21,11,32,0.48,0,200,0.11,16:43,16.71666667,,UFA,"$1,800,000",2.30%,0.023,"$1,800,000",46.25,47.11,45.89,56,21,48,191,65,46
Ben Street,N.J,C,Left,3,0,1,1,0.33,1,4,0,8:07,8.116666667,,UFA,"$750,000",0.90%,0.009,"$750,000",43.14,40,28.75,0,0,0,3,2,0
Ben Hutton,L.A,D,Left,64,4,12,16,0.25,5,114,0.04,18:15,18.25,,UFA,"$1,500,000",1.80%,0.018,"$1,500,000",53.25,52.68,50.81,14,41,12,51,84,76
Ben Chiarot,MTL,D,Left,70,9,12,21,0.3,5,130,0.07,23:08,23.13333333,M-NTC,UFA,"$3,500,000",4.30%,0.043,"$3,500,000",48.79,48.3,45.04,61,86,18,152,141,128
Barclay Goodrow,"S.J, T.B",W,Left,70,8,18,26,0.37,-8,102,0.08,15:55,15.91666667,,UFA,"$925,000",1.20%,0.012,"$1,000,000",46.08,46.16,43.31,97,23,44,162,79,66
Auston Matthews,TOR,C,Left,70,47,33,80,1.14,19,290,0.16,20:58,20.96666667,,UFA,"$11,634,000",14.60%,0.146,"$15,900,000",58.61,58.27,61.01,8,48,78,40,82,60
Austin Watson,NSH,W,Right,54,6,8,14,0.26,-9,50,0.12,11:37,11.61666667,,UFA,"$1,100,000",1.50%,0.015,"$1,200,000",38.72,40.42,36.93,65,20,18,131,41,48
Austin Czarnik,CGY,C,Right,8,2,1,3,0.38,1,9,0.22,10:11,10.18333333,,UFA,"$1,250,000",1.60%,0.016,"$1,250,000",54.62,50.52,46.48,0,2,6,1,5,2
Artturi Lehkonen,MTL,W,Left,69,13,14,27,0.39,2,140,0.09,15:25,15.41666667,,RFA,"$2,400,000",2.90%,0.029,"$2,400,000",46.92,44.99,42.7,24,22,30,120,109,38
Artemi Panarin,NYR,W,Right,69,32,63,95,1.38,36,209,0.15,20:36,20.6,NMC,UFA,"$11,642,857",14.30%,0.143,"$14,000,000",57.77,58.5,59.24,20,82,56,25,50,18
Artem Anisimov,OTT,C,Left,49,15,5,20,0.41,-15,87,0.17,13:50,13.83333333,,UFA,"$4,550,000",6.20%,0.062,"$4,000,000",50.87,49.28,51.08,8,16,19,6,43,25
Anze Kopitar,L.A,C,Left,70,21,41,62,0.89,6,135,0.16,21:02,21.03333333,NMC,UFA,"$10,000,000",14.00%,0.14,"$11,000,000",54.47,54.05,51.41,16,49,39,49,68,56
Antti Suomela,S.J,C,Left,20,1,6,7,0.35,4,18,0.06,9:41,9.683333333,,RFA,"$700,000",0.90%,0.009,"$700,000",45.92,45.21,46.82,4,4,6,27,25,5
Anton Stralman,FLA,D,Right,68,5,14,19,0.28,-6,89,0.06,21:03,21.05,M-NTC,UFA,"$5,500,000",6.70%,0.067,"$5,500,000",42.25,42.92,40.89,14,48,40,68,89,96
Anton Lindholm,COL,D,Left,4,0,1,1,0.25,1,1,0,11:46,11.76666667,,RFA,"$742,500",0.90%,0.009,"$735,000",45.35,45.9,58.05,0,0,0,5,2,5
Antoine Roussel,VAN,W,Left,41,7,6,13,0.32,0,55,0.13,11:50,11.83333333,M-NTC,UFA,"$3,000,000",3.80%,0.038,"$3,800,000",51.18,52.43,52.74,43,13,7,44,55,14
Anthony Mantha,DET,W,Left,43,16,22,38,0.88,-7,137,0.12,18:53,18.88333333,,RFA,"$3,300,000",4.20%,0.042,"$3,300,000",59.4,59.39,57.78,34,30,22,49,23,25
Anthony Duclair,OTT,W,Left,66,23,17,40,0.61,-5,184,0.13,16:15,16.25,,UFANo QO,"$1,650,000",2.10%,0.021,"$1,650,000",52.26,51.92,52.57,18,46,18,53,74,39
Anthony Bitetto,WPG,D,Left,50,0,8,8,0.16,3,54,0,15:09,15.15,,UFA,"$700,000",0.90%,0.009,"$700,000",41.54,41.96,37.33,32,22,16,145,68,50
Anthony Beauvillier,NYI,W,Left,68,18,21,39,0.57,-11,132,0.14,17:15,17.25,,RFA,"$2,100,000",2.60%,0.026,"$1,800,000",49.84,50.06,52.43,15,51,29,86,134,36
Andy Greene,"N.J, NYI",D,Left,64,2,12,14,0.22,1,60,0.03,19:32,19.53333333,NTC,UFA,"$5,000,000",7.20%,0.072,"$5,000,000",39.98,41.54,40.16,16,41,16,30,74,155
Andy Andreoff,PHI,C,Left,14,0,1,1,0.07,-3,14,0,8:32,8.533333333,,UFA,"$750,000",0.90%,0.009,"$750,000",49,51.59,46.25,2,0,1,20,12,4
Andrew Shaw,CHI,W,Right,26,3,7,10,0.38,-4,46,0.07,14:27,14.45,,UFA,"$3,900,000",5.30%,0.053,"$3,250,000",55.97,53.79,54.36,33,15,12,74,50,9
Andrew Mangiapane,CGY,W,Left,68,17,15,32,0.47,4,109,0.16,13:42,13.7,,RFA,"$715,000",0.90%,0.009,"$715,000",54.04,53.93,54.69,18,29,38,73,55,25
Andrew Ladd,NYI,W,Left,4,1,0,1,0.25,2,5,0.2,11:57,11.95,NTC,UFA,"$5,500,000",7.50%,0.075,"$5,000,000",43.04,41.54,50.91,4,1,0,23,7,0
Andrew Copp,WPG,C,Left,63,10,16,26,0.41,-3,121,0.08,17:41,17.68333333,,RFA,"$2,280,000",2.80%,0.028,"$2,260,000",49.22,47.74,46.07,10,27,38,59,74,27
Andrew Cogliano,DAL,C,Left,67,3,11,14,0.21,2,68,0.04,12:28,12.46666667,M-NTC,UFA,"$3,250,000",4.30%,0.043,"$3,250,000",45.12,44.8,42.29,30,20,24,86,44,31
Andrej Sekera,DAL,D,Left,57,2,6,8,0.14,9,63,0.03,18:00,18,M-NTC,UFA,"$5,500,000",1.80%,0.018,"$4,500,000",43.36,44.22,42.86,14,50,8,34,90,75
Andrej Sekera,DAL,D,Left,57,2,6,8,0.14,9,63,0.03,18:00,18,,UFA,"$1,500,000",1.80%,0.018,"$1,500,000",43.36,44.22,42.86,14,50,8,34,90,75
Andreas Johnsson,TOR,W,Left,43,8,13,21,0.49,0,78,0.1,15:45,15.75,,UFA,"$3,400,000",4.20%,0.042,"$5,000,000",57.36,55.96,56.79,14,20,13,43,52,21
Andreas Athanasiou,"DET, EDM",W,Left,55,11,15,26,0.47,-46,129,0.09,15:51,15.85,,UFANo QO,"$3,000,000",3.80%,0.038,"$3,000,000",50.29,51.44,48.29,30,31,15,36,47,24
Andre Burakovsky,COL,W,Left,58,20,25,45,0.78,11,103,0.19,15:12,15.2,,RFA,"$3,250,000",4.00%,0.04,"$3,250,000",57.43,55.93,54.97,22,33,27,26,83,34
Anders Lee,NYI,W,Left,68,20,23,43,0.63,8,195,0.1,18:17,18.28333333,NTC,UFA,"$7,000,000",8.60%,0.086,"$9,000,000",55.8,56.16,57.29,47,44,24,102,82,50
Alexander Steen,STL,W,Left,55,7,10,17,0.31,7,71,0.1,14:02,14.03333333,NTC,UFA,"$5,750,000",7.90%,0.079,"$5,500,000",42.49,42.84,41.6,12,12,16,26,51,47
Alexander Radulov,DAL,W,Left,60,15,19,34,0.57,8,132,0.11,16:44,16.73333333,NMC,UFA,"$6,250,000",8.30%,0.083,"$6,600,000",57.83,57.66,60.42,46,44,26,48,53,42
Alexander Kerfoot,TOR,C,Left,65,9,19,28,0.43,-2,88,0.1,14:46,14.76666667,,UFA,"$3,500,000",4.30%,0.043,"$5,000,000",54.31,54.02,54.38,32,33,28,48,121,41
Alexander Edler,VAN,D,Left,59,5,28,33,0.56,13,118,0.04,22:37,22.61666667,NMC,UFA,"$6,000,000",7.50%,0.075,"$7,000,000",44.73,45.75,42.03,62,43,9,108,127,162
Alex Tuch,VGK,W,Right,43,8,9,17,0.4,-10,98,0.08,14:37,14.61666667,,UFA,"$4,750,000",6.00%,0.06,"$4,750,000",58.9,58.09,55.61,8,27,27,58,44,20
Alex Pietrangelo,STL,D,Right,70,16,36,52,0.74,11,225,0.07,24:11:00,24.18333333,NTC,UFA,"$6,500,000",10.10%,0.101,"$7,500,000",55.22,54.77,54.65,20,45,43,47,112,89
Alex Ovechkin,WSH,W,Right,68,48,19,67,0.99,-12,311,0.15,20:39,20.65,M-NTC,UFA,"$9,538,462",19.00%,0.19,"$10,000,000",60.17,59.34,62.04,30,48,28,184,43,30
Alex Killorn,T.B,W,Left,68,26,23,49,0.72,19,130,0.2,17:55,17.91666667,NTC,UFA,"$4,450,000",6.10%,0.061,"$4,450,000",52.08,51.23,52.08,20,26,27,59,74,15
Alex Iafallo,L.A,W,Left,70,17,26,43,0.61,1,142,0.12,18:55,18.91666667,,UFA,"$2,425,000",3.00%,0.03,"$2,400,000",54.13,54.14,51.88,14,11,18,49,81,47
Alex Goligoski,ARI,D,Left,70,4,28,32,0.46,8,101,0.04,23:03,23.05,M-NTC,UFA,"$5,475,000",7.50%,0.075,"$5,800,000",47.87,48.08,46.98,24,53,7,91,94,134
Alex Galchenyuk,"MIN, PIT",C,Left,59,8,16,24,0.41,-5,86,0.09,12:17,12.28333333,,UFA,"$4,900,000",6.50%,0.065,"$4,900,000",52.38,52.29,55.27,16,20,5,52,68,17
Alex Chiasson,EDM,W,Right,65,11,13,24,0.37,-3,97,0.11,13:07,13.11666667,,UFA,"$2,150,000",2.60%,0.026,"$2,150,000",57.02,56.01,60.39,42,20,14,56,91,15
Alex Biega,DET,D,Right,50,0,3,3,0.06,-9,55,0,16:25,16.41666667,,UFA,"$825,000",1.10%,0.011,"$700,000",42.98,42.83,38.37,24,30,4,115,70,46
Aleksander Barkov,FLA,C,Left,66,20,42,62,0.94,2,172,0.12,20:00,20,,UFA,"$5,900,000",8.10%,0.081,"$6,900,000",56.87,55.67,53.14,18,52,51,21,72,35
Alec Martinez,"L.A, VGK",D,Left,52,3,13,16,0.31,-4,75,0.04,21:30,21.5,,UFA,"$4,000,000",5.80%,0.058,"$4,150,000",49.98,51.18,50.31,23,32,14,43,75,117
Alan Quine,CGY,C,Left,9,1,0,1,0.11,-1,12,0.08,9:48,9.8,,UFA,"$735,000",0.90%,0.009,"$735,000",51.61,49.29,55.98,4,1,2,6,3,2
Adrian Kempe,L.A,C,Left,70,11,21,32,0.46,-10,148,0.07,16:00,16,,RFA,"$2,000,000",2.50%,0.025,"$1,250,000",59.62,59.35,56.02,29,27,24,71,55,17
Adam Pelech,NYI,D,Left,38,1,8,9,0.24,4,49,0.02,21:07,21.11666667,,RFA,"$1,600,000",2.10%,0.021,"$1,925,000",40.35,41.6,44.97,20,48,32,81,63,83
Adam Lowry,WPG,C,Left,50,4,6,10,0.2,-4,68,0.06,14:57,14.95,,UFA,"$2,916,666",3.70%,0.037,"$2,750,000",40.83,40.52,37.28,23,11,31,137,66,22
Adam Larsson,EDM,D,Right,50,1,5,6,0.12,0,61,0.02,19:49,19.81666667,,UFA,"$4,166,666",5.80%,0.058,"$5,050,000",43.89,45.35,46.48,35,35,16,112,65,82
Adam Henrique,ANA,C,Left,70,26,17,43,0.61,-2,169,0.15,16:52,16.86666667,M-NTC,UFA,"$5,825,000",7.30%,0.073,"$5,825,000",55.53,54.92,55.59,20,32,26,75,40,32
Adam Erne,DET,W,Left,56,2,3,5,0.09,-24,63,0.03,11:48,11.8,,UFANo QO,"$1,050,000",1.30%,0.013,"$1,050,000",45.37,44.87,43.11,28,27,5,142,32,25
Aaron Ness,ARI,D,Left,25,0,1,1,0.04,1,11,0,12:32,12.53333333,,UFA,"$725,000",0.90%,0.009,"$725,000",49.46,49.65,50.27,0,8,1,17,49,20
Aaron Ekblad,FLA,D,Right,67,5,36,41,0.61,12,147,0.03,22:58,22.96666667,,UFA,"$7,500,000",10.30%,0.103,"$9,000,000",51.44,51.87,47.43,26,74,37,34,56,84
